ProjectID,ProjectName,ProjectType,ProjectSize,ProjectComplexity,StartDate,EndDate,NumWorkers,HourlyRate,OvertimeRate,ProductivityRate,MarketWageRate,InflationRate,MinWage,LaborDemand,FringeBenefits,IndirectCosts,EquipmentCost,MaterialCost,ContingencyCost,WeatherImpact,WorkingHoursPerDay,WorkingDaysPerWeek,Holidays,LaborCost
210,Project 210,Industrial,8270,Simple,01-04-07,10-02-07,48,12.5,59.7,1.07,39.13,0.02,4.55,High,7.34,1232.33,17992.64,34044.6,3832.29,Low,7,5,6,1555000
211,Project 211,Industrial,7949,Complex,01-06-07,07-07-09,125,17,16.01,0.79,23.82,0.03,4.55,High,11.48,2164.92,14177.79,15579.75,2168.58,Low,9,5,20,4765000
212,Project 212,Residential,3734,Complex,01-06-07,12-11-08,114,16.06,17.04,,38.81,0.01,4.55,High,,1682.1,5975.77,47955.42,4862.53,Low,7,6,15,3725000
213,Project 213,Residential,8513,Complex,03-14-07,08-06-09,125,17.65,18.8,0.82,43.53,0.03,4.55,High,17.5,1693.46,10865.91,17289.44,4021.45,Low,7,6,19,4580000
214,Project 214,Residential,4843,Moderate,03-19-07,06-13-08,83,13.69,7.46,1.12,31.39,0.03,4.55,High,18.9,3909.09,9898.11,32817.76,3083.34,Low,7,6,10,2460000
215,Project 215,Residential,7863,Complex,03-31-07,02-23-09,116,15.96,36.35,0.99,58.19,0.03,4.55,High,9.14,2185.09,7479,10625.46,2693.61,Low,6,6,15,3675000
216,Project 216,Residential,6258,Moderate,04-01-07,05-28-08,86,13.42,46.1,1.1,39.51,0.05,4.55,High,14.77,4659.84,17750.58,27978.03,,Low,8,5,9,2315000
217,Project 217,Industrial,9996,Complex,04-10-07,03-04-09,103,15.95,41.91,1.14,32.56,0.01,4.55,High,15.7,4043.14,13419.16,40838.69,2975.18,Low,6,5,15,3670000
218,Project 218,Residential,6977,Complex,05-13-07,04-19-09,111,16.07,,0.8,54.58,0.03,4.55,High,13.45,3782.06,7089.97,34176.7,3159.36,Low,6,6,15,3735000
219,Project 219,Industrial,4157,Complex,05-16-07,09-07-09,125,17.07,58.5,1.1,40.94,0.04,4.55,High,17.06,1746.28,18388.38,31573.69,4229.76,Low,9,5,18,4270000
220,Project 220,Residential,8392,Complex,06-05-07,07-11-09,101,16.64,18.64,0.91,50.54,0.04,4.55,High,5.1,3042.99,11261.17,18884.31,1479.46,Low,9,6,17,4035000
221,Project 221,Commercial,8994,Simple,06-12-07,03-30-08,59,12.2,35.16,1.05,26.91,0.05,4.55,High,19.44,2007.13,12458.73,22035.13,2139.36,Low,6,5,6,1660000
222,Project 222,Residential,5737,Complex,06-21-07,05-03-09,119,15.84,7.56,0.87,40.99,0.04,4.55,High,12.96,2791.13,13293.4,33707.87,1323.41,Low,9,5,15,3610000
223,Project 223,Commercial,9958,Complex,06-21-07,03-14-09,109,15.37,26.59,1.02,40.94,0.03,4.55,High,6.35,4341.21,9811.7,17460.74,1163.1,Low,9,6,14,3360000
224,Project 224,Residential,7546,Complex,06-29-07,02-18-09,125,16.07,34.77,0.81,41.55,0.02,4.55,High,15.36,2546.94,19050.95,15500.84,2364.27,Low,6,6,13,3200000
225,Project 225,Residential,6534,Moderate,07-01-07,09-08-08,79,13.53,20.34,1.03,50.5,0.03,4.55,High,12.94,1967.41,6396.54,45888.63,4601.67,Low,8,5,10,2375000
226,Project 226,Commercial,8400,Complex,07-06-07,07-15-09,126,16.38,46.92,1.15,54.13,0.04,4.55,High,14.63,1336.56,7424.43,45942.17,3425.72,Low,8,6,16,3900000
227,Project 227,Commercial,6592,Simple,07-18-07,05-20-08,42,12.34,5.98,0.78,,0.04,4.55,High,14.78,1897.08,15682.69,19489.96,2301.6,Low,9,6,7,1735000
228,Project 228,Commercial,2218,Complex,07-24-07,01-06-10,129,17.85,23.19,0.97,34.46,0.04,5,High,8.76,3359.48,19683.39,29469.69,4624.4,Low,8,6,20,4685000
229,Project 229,Commercial,5893,Complex,08-06-07,07-01-09,120,15.96,43.69,1.13,19.97,0.03,4.55,High,13.58,4074.22,5654.06,49782.02,2879.78,Low,7,5,15,3675000
230,Project 230,Commercial,2060,Moderate,08-06-07,08-28-08,71,13.09,24.47,0.98,37.76,0.05,4.55,High,6.13,2222.79,7863.67,20738.99,2941.12,Low,7,5,9,2140000
231,Project 231,Commercial,6854,Complex,08-22-07,01-23-10,102,17.74,45.23,0.99,13.05,0.03,4.55,High,19.85,1560.34,12774.94,45094.92,3963.07,Low,6,5,19,4625000
232,Project 232,Industrial,8343,Complex,08-24-07,01-04-10,108,17.54,22.36,1.1,50.13,0.04,4.55,High,18.7,3045.37,12522.74,41931.81,3599.86,Low,9,6,19,4520000
233,Project 233,Industrial,7002,Complex,09-10-07,04-09-09,110,14.86,7.26,0.99,30.8,0.04,4.55,High,9.92,1620.17,19727.61,43557.34,4441.62,Low,6,6,13,3085000
234,Project 234,Commercial,4854,Moderate,10-10-07,10-16-08,82,12.94,36.2,0.86,51.05,0.02,4.55,High,19.48,2829.06,17630.35,17775.2,2645.42,Low,8,5,8,2060000
235,Project 235,Residential,8987,Complex,10-11-07,10-19-09,124,16.37,61.12,0.96,24.79,0.04,4.55,High,9.06,2755.89,6176.85,11014.03,4850.59,Low,8,5,16,3895000
236,Project 236,Commercial,2931,Moderate,10-18-07,11-20-08,90,13.2,15.54,0.78,21.01,0.03,4.55,High,15.72,3640.79,9199.01,48194.61,3951.59,Low,8,5,9,2195000
237,Project 237,Commercial,8004,Simple,10-21-07,09-08-08,45,12.49,19.76,,47.41,0.01,4.55,High,6.74,1184.01,5610.93,44218.42,3814.63,Low,9,6,7,1815000
238,Project 238,Commercial,7617,Complex,10-23-07,11-11-09,121,16.48,51.52,0.87,32.16,0.04,4.55,High,5.72,4796.58,18300.21,20435.74,1061.22,Low,8,6,16,3950000
239,Project 239,Commercial,5611,Simple,10-29-07,08-23-08,47,12.26,9.7,1.02,9.38,0.03,4.55,High,19.1,3301.9,10822.55,35731.53,2833.01,Low,8,5,7,1695000
240,Project 240,Industrial,6387,Moderate,10-30-07,10-31-08,77,12.9,52.3,1.03,18.75,0.02,4.55,High,8.22,2509.04,5584.45,34730.16,2346.22,Low,7,6,8,2035000
241,Project 241,Industrial,1417,Complex,11-18-07,09-07-09,127,15.63,12.4,1.05,40.71,0.05,4.55,High,16.03,4213.92,9230.52,17097.58,4002.46,Low,9,5,14,3495000
242,Project 242,Industrial,2122,Complex,11-20-07,02-24-10,113,17.2,26.83,1.09,25.72,0.05,4.55,High,17.88,2715.98,16263.07,40181.71,1412.5,Low,6,5,18,4335000
243,Project 243,Commercial,9787,Complex,12-20-07,07-21-09,110,14.88,23.88,1.15,28.24,0.01,4.55,High,18.58,1365.15,9789.7,48002.48,,Low,8,6,13,3095000
244,Project 244,Industrial,9335,Complex,12-26-07,10-16-09,120,15.64,22.35,0.86,42.97,0.04,4.55,High,16.87,4158.47,6368.09,29776.81,1230.24,Low,8,6,14,3500000
245,Project 245,Residential,8330,Complex,12-30-07,05-11-10,123,17.53,36.7,1.05,58.37,0.04,4.55,High,17.55,4467.47,17577.21,27043.66,1890.31,Low,6,6,19,4515000
246,Project 246,Residential,3681,Complex,12-30-07,07-20-09,111,15.78,10.31,0.74,59.31,0.02,4.55,High,10.56,4251.2,19208.73,49440.04,4013.51,Low,7,6,12,3040000
247,Project 247,Residential,2810,Moderate,01-08-08,02-07-09,92,13.17,27.16,1.05,20.93,0.02,4.55,High,11.52,2014.73,11078.03,32858.92,3963.9,Low,9,5,9,2180000
248,Project 248,Commercial,4072,Complex,01-09-08,11-20-09,111,15.83,38.82,1.18,27.49,0.02,4.55,High,18.03,1894.38,19448.34,10486.18,4879.52,Low,6,5,15,3605000
249,Project 249,Industrial,5175,Complex,02-14-08,11-11-09,124,15.41,62.1,0.74,36.8,0.05,4.55,High,12.85,3517.59,15436.23,28181.64,3510.23,Low,7,5,14,3380000
250,Project 250,Residential,9120,Complex,02-20-08,08-06-10,127,17.86,21.65,1.18,54.29,0.03,4.55,High,14.3,2109.52,7821.82,28547.94,2413.41,Low,7,6,20,4690000
251,Project 251,Commercial,5964,Complex,02-29-08,04-26-10,124,16.82,,0.93,9.68,0.02,4.55,High,,3411.13,9064.36,15327.41,1304.8,Low,7,6,17,4135000
252,Project 252,Residential,1255,Complex,03-09-08,08-05-10,128,17.68,40.54,0.91,56.5,0.04,4.55,High,5.68,1105.47,10646.95,42422.13,4949.1,Low,6,5,19,4595000
253,Project 253,Residential,8449,Complex,03-17-08,07-27-09,107,13.83,28.01,1.11,37.59,0.01,4.55,High,5.55,1535.41,5205.08,13014.36,3766.86,Low,6,5,10,2535000
254,Project 254,Industrial,6989,Complex,03-17-08,07-25-09,128,14.09,37.24,1.08,57.13,0.04,4.55,High,8.71,2802.18,6937.39,48162.04,3424.7,Low,7,5,11,2675000
255,Project 255,Commercial,4419,Simple,03-20-08,12-20-08,59,12.04,6.95,0.95,32.76,0.04,4.55,High,9.62,4265.54,19519.61,13536.33,4167.27,Low,6,6,6,1575000
256,Project 256,Commercial,4374,Simple,04-01-08,01-22-09,51,12.23,48.59,1.01,44.61,0.02,4.55,High,7.05,1058.18,10258.81,33596.71,2568.98,Low,8,5,6,1680000
257,Project 257,Industrial,2331,Moderate,04-17-08,05-09-09,90,13.08,31.3,1.16,23.49,0.03,4.55,High,15.46,4185.89,11890.2,43683.66,4075.67,Low,9,6,8,2135000
258,Project 258,Residential,8941,Simple,04-27-08,02-06-09,50,12.13,25.43,0.8,38.14,0.02,4.55,High,13.06,2840.48,13771.49,26012.02,3790.67,Low,9,6,6,1625000
259,Project 259,Industrial,9472,Complex,05-02-08,03-14-10,126,15.83,55.36,0.96,58.6,0.03,4.75,High,8.36,4287.16,10176.24,23904.77,1127.22,Low,7,5,15,3605000
260,Project 260,Industrial,7376,Complex,05-13-08,05-03-10,127,16.2,17.41,0.88,34.18,0.04,4.55,High,5.59,4197.64,14418.51,13270.36,4494.31,Low,8,6,16,3800000
261,Project 261,Residential,5432,Complex,05-15-08,04-12-10,101,15.98,55.01,0.74,39.06,0.05,4.55,High,13.05,4696.17,8541.75,40398.22,3125.06,Low,7,5,15,3685000
262,Project 262,Industrial,5621,Complex,05-20-08,07-21-10,116,16.87,20.02,1.06,54.55,0.03,4.55,High,12.98,1428.69,11711.19,31304.69,1969.88,Low,6,5,17,4160000
263,Project 263,Commercial,9905,Complex,05-23-08,07-23-10,104,16.86,23.99,0.81,25.03,0.01,4.55,High,18.36,3374.37,15186.53,41566.85,2993.77,Low,8,6,17,4155000
264,Project 264,Industrial,8943,Moderate,05-23-08,05-24-09,86,12.89,30.21,0.76,22.76,0.02,4.55,High,14.69,3283.11,10341.45,49460.61,3423.1,Low,6,5,8,2030000
265,Project 265,Industrial,2733,Complex,06-02-08,11-28-09,120,14.55,19.66,0.78,17.7,0.02,4.55,High,7.6,4587.06,6203.51,30980.46,2641.59,Low,9,6,12,2920000
266,Project 266,Industrial,1005,Complex,06-08-08,10-09-10,109,17.44,38.41,1.16,8.28,0.05,4.55,High,12.36,3891.58,17312.92,38738.29,3140.15,Low,7,5,19,4465000
267,Project 267,Commercial,7469,Complex,06-11-08,02-05-10,102,15.11,24.08,0.91,34.4,0.02,4.55,High,6.72,3442.48,9329.46,33249.53,1617.45,Low,9,5,13,3220000
268,Project 268,Commercial,4744,Simple,06-21-08,04-23-09,41,12.33,24.81,0.77,11.3,0.05,4.55,High,9.84,4239.5,8819.61,37260.11,4040.91,Low,8,5,7,1730000
269,Project 269,Industrial,4490,Moderate,07-06-08,08-23-09,80,13.33,54.02,1.07,29.24,0.05,4.55,High,19.86,1820.01,10688.43,47057.98,3886.39,Low,9,6,9,2265000
270,Project 270,Residential,9007,Moderate,07-26-08,09-08-09,87,13.29,50.86,0.8,16.51,0.02,4.55,High,17.22,3660.79,12845.98,24353.22,4508.8,Low,6,6,9,2245000
271,Project 271,Industrial,7943,Complex,08-16-08,07-15-10,127,15.99,41.15,0.97,30.81,0.03,4.55,High,10.33,2565.93,12977.86,12664.76,1916.1,Low,8,5,15,3690000
272,Project 272,Industrial,6765,Complex,08-18-08,11-13-10,129,17.1,41.35,0.87,15.24,0.04,4.55,High,14.3,3133.84,18408.39,41543.89,1606.7,Low,6,5,18,4285000
273,Project 273,Residential,1950,Complex,08-31-08,10-27-10,122,16.82,7.59,0.98,47.65,0.05,4.55,High,10.13,4285.03,6659.48,43858.09,1509.95,Low,9,5,17,4135000
274,Project 274,Industrial,4719,Complex,09-10-08,08-06-10,119,15.96,33.31,0.9,48.14,0.01,4.55,High,13.98,3262.03,15742.69,33961.17,4307.2,Low,7,6,15,3675000
275,Project 275,Industrial,7166,Complex,09-29-08,01-28-10,126,14.01,22.05,1.01,55.42,0.02,4.55,High,6.51,2024.06,15891.43,33718.52,1408.85,Low,9,6,11,2630000
276,Project 276,Residential,4876,Complex,10-04-08,04-14-10,112,14.67,42.69,1.09,27.47,0.01,4.55,High,6.16,1416.99,17606.59,46427.45,1491.24,Low,6,5,12,2985000
277,Project 277,Commercial,2645,Complex,10-22-08,09-04-10,129,15.84,12.78,1.16,53.23,0.03,4.55,High,13.87,2596.01,5821.42,23407.89,4211.41,Low,6,6,15,3610000
278,Project 278,Residential,8970,Complex,11-17-08,06-21-10,113,14.9,29.24,1.13,55.99,0.03,4.55,High,12.21,4673.82,13806.02,11313.87,4651,Low,7,6,13,3105000
279,Project 279,Industrial,2990,Complex,11-27-08,10-19-10,115,15.93,29.49,1.16,26.84,0.03,4.55,High,14.48,1052.38,14953.06,17121.44,4844.28,Low,6,6,15,3655000
280,Project 280,Industrial,9533,Moderate,12-02-08,02-04-10,72,13.48,62.33,0.95,38.96,0.01,4.55,High,16.25,1839.62,18470.81,18205.59,1762.75,Low,6,5,9,2345000
281,Project 281,Industrial,8311,Complex,12-12-08,10-26-10,104,15.85,39.06,0.85,45.13,0.03,4.55,High,13.02,2924.35,12455.18,40614.25,1411.93,Low,9,5,15,3615000
282,Project 282,Industrial,9038,Moderate,12-13-08,03-01-10,82,13.61,26.9,0.84,41.49,0.03,4.55,High,5.38,1624.61,15739.58,36356.96,1108.38,Low,8,5,10,2415000
283,Project 283,Residential,9519,Complex,01-09-09,09-15-10,118,15.21,24.96,0.98,54.15,0.03,4.55,High,15.81,4221.26,19830.93,34127.9,4227.4,Low,9,6,13,3270000
284,Project 284,Industrial,9356,Simple,01-10-09,12-18-09,57,12.66,17.34,0.85,54.61,0.01,4.55,High,6.28,1831.55,5397.98,17257.42,3332.17,Low,9,6,7,1910000
285,Project 285,Industrial,7852,Complex,01-23-09,10-03-10,126,15.24,24.77,1.11,26.88,0.01,4.55,High,17.46,2380.77,16607.52,24510.32,4444.27,Low,8,6,14,3290000
286,Project 286,Residential,2387,Moderate,02-26-09,02-12-10,86,12.75,12.18,0.98,59.24,0.03,4.55,High,7.73,2939.11,12686.86,39667.48,3795.38,Low,6,5,8,1955000
287,Project 287,Commercial,6877,Complex,03-16-09,04-02-11,109,16.45,53.12,1.19,35.34,0.02,4.55,High,9.08,1073.56,18714.48,14710.04,3306.07,Low,7,6,16,3935000
288,Project 288,Commercial,6796,Moderate,04-05-09,06-08-10,77,13.48,33.95,1.06,13.54,0.02,4.55,High,8.96,2065.99,15982.77,20029.23,3532.39,Low,6,5,9,2345000
289,Project 289,Commercial,3969,Moderate,04-05-09,04-01-10,90,12.84,27.45,0.96,10.44,0.02,4.55,High,16.07,1331.19,14047.28,19813.96,2557.18,Low,9,5,8,2005000
290,Project 290,Residential,9378,Complex,04-08-09,08-14-11,112,17.49,40.36,1.17,28.63,0.05,4.7,High,7.03,2935.02,9048.67,31593.71,1648.06,Low,9,5,19,4490000
291,Project 291,Residential,8101,Complex,04-08-09,10-17-10,114,14.67,49.49,0.75,11.91,0.04,4.55,High,12.43,3753.61,11522.41,19856.08,4276.41,Low,6,6,12,2985000
292,Project 292,Residential,4549,Complex,04-22-09,09-13-10,114,14.22,26.2,0.75,,0.02,4.55,High,19.25,2784.02,7776.99,31676.04,4491.78,Low,9,5,11,2745000
293,Project 293,Residential,2750,Moderate,04-25-09,07-29-10,89,13.77,53.94,0.82,33.45,0.02,4.55,High,19.82,4776.24,5591.4,38223.01,4700.99,Low,8,6,10,2500000
294,Project 294,Industrial,4157,Complex,05-02-09,09-02-10,128,14.03,7.61,1.05,23.46,0.05,4.55,High,19.57,4777.07,12113.21,44481.71,4378.2,Low,7,5,11,2640000
295,Project 295,Residential,1614,Complex,05-17-09,12-29-10,103,14.99,42.62,0.88,37.16,0.03,4.55,High,18.27,3121.06,11615.48,26179.42,3289.71,Low,9,5,13,3155000
296,Project 296,Commercial,6468,Complex,05-25-09,10-02-10,101,14.09,23.8,1.01,54.07,0.03,4.55,High,8.49,1097.6,18051.48,10850.78,4498.81,Low,6,6,11,2675000
297,Project 297,Residential,8206,Complex,06-04-09,01-15-11,116,14.98,25.61,1.08,28.9,0.03,4.55,High,14.41,4494.71,19761.25,40730.94,2671.07,Low,8,6,13,3150000
298,Project 298,Commercial,4760,Moderate,06-08-09,05-21-10,97,12.71,32.24,0.85,52.35,0.04,4.55,High,13.84,2109.06,18655.09,11804.03,1437.87,Low,6,6,8,1935000
299,Project 299,Residential,2828,Complex,06-24-09,11-14-11,115,17.63,20.4,0.99,59.08,0.05,4.55,High,14.01,4614.9,19837.77,39734.11,1259.95,Low,9,6,19,4565000
300,Project 300,Industrial,6429,Complex,06-27-09,04-29-11,115,15.74,8.35,0.89,9.91,0.05,4.55,High,17.39,4203.08,14446.67,18652.96,3073.04,Low,9,6,15,3555000
301,Project 301,Commercial,8657,Complex,06-28-09,07-11-11,104,16.41,48.76,1.05,16,0.04,4.55,High,8.37,1895.27,13054.62,33717.6,3320.34,Low,7,5,16,3915000
302,Project 302,Residential,8490,Moderate,07-02-09,08-25-10,90,13.38,56.17,1.18,52.83,0.04,4.55,High,14.83,3203.43,6304.8,26338.13,2490.75,Low,9,5,9,2295000
303,Project 303,Commercial,6295,Complex,07-07-09,11-16-11,116,17.52,35.95,1.18,13.69,0.05,4.55,High,19.87,1246.07,18243.59,30643.16,4626.05,Low,8,6,19,4510000
304,Project 304,Commercial,7183,Complex,07-18-09,07-10-11,112,16.21,20.86,1.14,49.47,0.04,4.55,High,17.76,4469.18,15625.44,43480.53,3789.89,Low,7,6,16,3810000
305,Project 305,Industrial,4738,Moderate,07-25-09,08-27-10,76,13.19,16.44,1.14,57.99,0.03,4.55,High,18.19,1020.58,17299.2,19145.01,4634.81,Low,7,6,9,2190000
306,Project 306,Residential,9780,Complex,07-30-09,12-16-11,108,17.59,6.05,0.84,40.08,0.05,4.55,High,14.48,2039.21,14510.09,31599.42,4119.38,Low,7,5,19,4545000
307,Project 307,Industrial,6352,Complex,08-03-09,08-06-11,113,16.32,27.96,0.79,47.19,0.04,4.55,High,7.61,4083.42,19209.47,16655.1,4083.94,Low,6,6,16,3865000
308,Project 308,Residential,3752,Complex,08-07-09,03-20-11,115,14.98,40.96,0.72,53.32,0.05,4.55,High,19.53,3998.61,6951.29,40330.53,1098.35,Low,8,5,13,3150000
309,Project 309,Industrial,4356,Complex,09-11-09,05-24-11,103,15.26,29.9,0.93,16.51,0.04,4.55,High,15.41,1883.08,6235.72,37219.97,3618.04,Low,8,5,14,3300000
310,Project 310,Commercial,1988,Moderate,09-17-09,12-02-10,77,13.59,57.36,1.13,58.16,0.04,4.55,High,11.63,2247.81,9811.14,38976.91,3983.35,Low,8,6,10,2405000
311,Project 311,Commercial,9984,Complex,09-21-09,08-15-11,119,15.94,26.62,1.13,32.61,0.05,4.55,High,7.78,4474.49,16648.95,40836.87,4379.13,Low,9,5,15,3665000
312,Project 312,Residential,1959,Complex,10-09-09,06-25-11,105,15.3,7.54,1.16,40.07,0.04,4.55,High,12.22,1469.23,6877.79,37422.61,2721.22,Low,7,6,14,3320000
313,Project 313,Residential,8099,Complex,10-13-09,06-19-11,103,15.21,42.7,0.86,38.69,0.03,4.55,High,19.77,1598.32,11968.98,37218.27,2582.18,Low,8,5,13,3270000
314,Project 314,Industrial,7154,Complex,10-22-09,06-28-11,114,15.21,48.7,1.18,55.21,0.04,4.55,High,16.24,1583.69,6541.89,32836.18,1073.47,Low,7,6,13,3270000
315,Project 315,Residential,3720,Complex,11-07-09,01-14-12,120,16.93,49.76,1.17,11.77,0.03,4.55,High,18.24,1330.03,17367.71,24312.05,2288.38,Low,7,5,17,4190000
316,Project 316,Commercial,2709,Moderate,11-22-09,11-19-10,82,12.85,17.06,0.78,13.44,0.04,4.55,High,15.6,1126.34,19043.18,12078.85,3165.19,Low,7,6,8,2010000
317,Project 317,Commercial,4911,Moderate,12-05-09,03-14-11,81,13.8,41.21,1.09,39.84,0.03,4.55,High,14.91,3212.01,13962.14,41353.3,2923.62,Low,8,5,10,2520000
318,Project 318,Commercial,5109,Complex,12-11-09,04-19-11,110,14.08,46.86,1,41.82,0.03,4.55,High,14.24,2316.07,12052.74,39771.16,4487.33,Low,6,5,11,2670000
319,Project 319,Commercial,8979,Simple,01-17-10,11-01-10,48,12.16,6.88,1.03,25.28,0.03,4.55,High,12.4,1326.11,11048.92,18822.44,2673.6,Low,8,5,6,1640000
320,Project 320,Commercial,8005,Complex,02-01-10,09-30-11,110,15.13,47,1.07,30.13,0.02,4.55,High,10.57,4950.6,5601.64,44681.26,3314.7,Low,9,6,13,3230000
321,Project 321,Industrial,6631,Complex,02-12-10,06-20-12,105,17.5,39.65,1.1,42.06,0.05,4.55,High,9.26,2436.6,10757.71,28632.51,4343.99,Low,6,5,19,4495000
322,Project 322,Residential,4591,Complex,02-21-10,03-21-12,117,16.56,41.62,0.89,34.66,0.03,4.55,High,6.04,2748.66,6460.9,26200.83,3371.67,Low,8,5,17,3995000
323,Project 323,Residential,9321,Complex,03-03-10,11-24-11,125,15.36,42.74,0.86,28.75,0.04,4.55,High,5.14,3353.65,13980.71,25866.39,1948.11,Low,8,5,14,3355000
324,Project 324,Industrial,1629,Complex,03-04-10,09-04-11,112,14.6,24.49,0.92,42.81,0.02,4.55,High,11.74,3351.54,19228.75,20101.11,2437,Low,9,5,12,2945000
325,Project 325,Industrial,7052,Complex,03-09-10,08-10-12,103,17.74,43.4,0.94,51.9,0.04,4.55,High,13.78,4473.09,8087.62,14476.78,2079,Low,7,5,19,4625000
326,Project 326,Residential,1281,Moderate,03-26-10,06-22-11,97,13.7,42.05,0.81,17.36,0.01,4.55,High,6.55,3338.68,15323.12,25895.16,2919.59,Low,8,5,10,2465000
327,Project 327,Industrial,8473,Moderate,05-18-10,06-19-11,92,13.18,55,0.93,34.81,0.03,4.55,High,15,1558.61,5449.6,22317.2,3818.72,Low,7,6,9,2185000
328,Project 328,Residential,8175,Complex,05-22-10,03-30-12,117,15.8,11.03,1.04,31.08,0.04,4.55,High,7.66,3770.5,17571.73,47784.57,3732.99,Low,7,6,15,3590000
329,Project 329,Residential,8705,Complex,05-25-10,04-05-12,115,15.83,54.81,1.08,13.88,0.04,4.55,High,18.78,3402.44,19113.13,43073.56,3667.89,Low,6,6,15,3605000
330,Project 330,Residential,4291,Simple,06-02-10,03-26-11,51,12.24,62.46,0.72,58.81,0.03,4.55,High,18.06,4129.54,13505.24,39537.97,4514.06,Low,6,6,7,1685000
331,Project 331,Commercial,2667,Complex,06-03-10,09-19-12,112,17.31,51.59,1.08,49.49,0.03,4.55,High,17.27,1480.84,13167.34,10230.35,2298.34,Low,9,6,18,4395000
332,Project 332,Industrial,3190,Simple,06-30-10,04-17-11,41,12.19,27.3,0.97,39.02,0.03,4.55,High,11.67,1058.67,13805.93,16737.78,3570.3,Low,7,6,6,1655000
333,Project 333,Industrial,7228,Complex,07-31-10,08-01-12,119,16.31,59.74,1.12,55.54,0.04,4.55,High,6.63,1595.97,12899.36,19842.79,2906.78,Low,8,6,16,3860000
334,Project 334,Residential,6445,Complex,08-27-10,09-11-12,124,16.44,46.49,1.18,8.95,0.02,4.55,High,5.11,3589.9,18470.46,19739.29,4708.14,Low,8,6,16,3930000
335,Project 335,Industrial,1140,Simple,08-27-10,08-02-11,52,12.64,,0.78,40.1,0.03,4.55,High,15.05,4718.42,12983.9,33237.28,1358.51,Low,7,6,7,1900000
336,Project 336,Commercial,7787,Complex,08-31-10,01-28-12,127,14.28,12.61,0.79,43.42,0.02,4.55,High,12.88,3836.19,6603.15,32692.49,2026.25,Low,9,6,11,2775000
337,Project 337,Industrial,2798,Complex,09-02-10,01-24-12,129,14.22,36.95,0.72,40.92,0.05,4.55,High,14.02,4276.76,18263.1,19123.19,1848.18,Low,7,6,11,2745000
338,Project 338,Residential,6752,Complex,09-05-10,12-21-11,123,13.88,56.83,0.88,20.32,0.04,4.55,High,9.12,4290.46,11356.07,36702,1382.14,Low,9,6,10,2560000
339,Project 339,Residential,1482,Complex,09-10-10,01-01-12,111,13.93,18,0.75,9.23,0.04,4.55,High,14.11,3186.79,8479.21,25636.24,3377.91,Low,7,5,10,2590000
340,Project 340,Commercial,2343,Moderate,09-13-10,12-04-11,74,13.64,39.61,1.04,31.02,0.03,4.55,High,15.87,1063.28,10116.35,42748.28,3412.88,Low,7,6,10,2435000
341,Project 341,Residential,7764,Moderate,10-07-10,12-23-11,78,13.6,10.55,1.15,17.98,0.02,4.55,High,8.4,2419.99,6041.36,30762.39,1270.45,Low,6,6,10,2410000
342,Project 342,Industrial,5255,Complex,10-21-10,12-08-12,108,16.75,21.09,1,43.37,0.02,4.55,High,11.85,1761.3,5785.08,25139.06,2451.78,Low,8,6,17,4095000
343,Project 343,Residential,5211,Complex,11-09-10,12-04-12,101,16.53,38.66,0.74,58.01,0.04,4.55,High,16.32,1681.91,11142.17,26907.56,4287.23,Low,9,5,17,3980000
344,Project 344,Industrial,4719,Complex,12-14-10,04-03-13,118,16.33,32.66,0.89,14.23,0.05,4.55,High,5.3,3948.72,16529,19746.27,3686.23,Low,9,6,18,4405000
345,Project 345,Commercial,8121,Complex,12-26-10,05-10-12,121,14.15,48.6,0.76,50.96,0.04,4.55,High,15.63,1144.64,9546.93,20524.5,2440.55,Low,6,6,11,2705000
346,Project 346,Residential,3496,Complex,02-19-11,04-15-13,123,16.81,52.58,0.84,57,0.04,4.55,High,7.43,4145.1,13618.81,32663.01,2564.17,Low,9,5,17,4130000
347,Project 347,Residential,9785,Complex,02-24-11,07-10-13,129,17.57,27.31,1.14,53.14,0.04,4.55,High,16.85,2218.72,6213.79,26119.21,1694.1,Low,7,5,19,4535000
348,Project 348,Industrial,8373,Moderate,03-13-11,04-14-12,83,13.19,38.24,1.17,37.91,0.03,4.55,High,9.71,3425.48,7087.97,45930.47,4317.33,Low,9,5,9,2190000
349,Project 349,Industrial,2960,Complex,03-15-11,06-27-13,109,17.27,14,0.88,11.54,0.01,4.55,High,7.03,4852.46,13242.94,48632.89,2729.99,Low,6,5,18,4375000
350,Project 350,Industrial,6777,Moderate,04-21-11,04-08-12,91,12.77,54.06,0.7,8.92,0.03,4.55,High,10.47,2545.84,13466.62,17671.3,1847.02,Low,7,5,8,1965000
351,Project 351,Industrial,6175,Complex,05-03-11,01-06-13,107,15.21,61.57,0.82,15.4,0.01,4.55,High,9.55,1404.18,15382.42,12491.67,3037.69,Low,8,6,13,3270000
352,Project 352,Residential,2382,Complex,05-08-11,09-02-13,116,17.39,15.56,1.03,52.1,0.04,4.55,High,16.88,2619.19,14811.14,24169.45,3102.02,Low,7,6,19,4440000
353,Project 353,Residential,7140,Complex,05-13-11,11-07-12,106,14.55,60.45,,14.96,0.03,4.55,High,16.86,3328.59,15214.62,17587.79,3475.79,Low,6,5,12,2920000
354,Project 354,Residential,9433,Complex,05-19-11,09-18-12,108,14.03,16.99,0.73,10.22,0.02,4.55,High,8.99,3584.36,12490.01,20640.77,1596.95,Low,7,6,11,2640000
355,Project 355,Industrial,5719,Moderate,05-24-11,05-12-12,76,12.78,32.74,0.89,28.51,0.03,4.55,High,16.78,4568.34,19330.02,41476.14,2261.63,Low,6,6,8,1970000
356,Project 356,Commercial,4631,Complex,05-28-11,05-17-13,118,16.2,21.56,1.17,21.16,0.04,4.55,High,17.38,2981.81,10795.23,28004.98,1907.86,Low,6,6,16,3800000
357,Project 357,Industrial,8340,Moderate,06-10-11,06-12-12,91,12.91,11.69,1.19,31.05,0.01,4.55,High,5.57,3984.83,14885.53,42085.22,1421.47,Low,6,5,8,2040000
358,Project 358,Commercial,7420,Complex,06-11-11,09-29-12,119,13.92,31.94,1.2,58.48,0.05,4.55,High,16.76,2419.37,11181.96,31984.64,4322.14,Low,9,6,10,2580000
359,Project 359,Residential,7511,Moderate,07-08-11,06-20-12,98,12.72,22.48,1.08,40.48,0.03,4.55,High,8.09,1485.55,14225.19,40985.35,3575.62,Low,7,5,8,1940000
360,Project 360,Commercial,7910,Complex,07-17-11,03-09-13,102,15.08,51.06,0.85,58.96,0.03,4.55,High,13.74,3992.29,17176.55,36259.14,1512.38,Low,8,5,13,3205000
361,Project 361,Commercial,8569,Complex,08-31-11,07-15-13,111,15.86,11.09,0.89,36.6,0.03,4.55,High,7.46,2095.17,18924.76,37039.29,2984.19,Low,6,6,15,3620000
362,Project 362,Commercial,6341,Complex,09-01-11,03-23-13,122,14.79,53.78,1.16,21.12,0.04,4.55,High,,4367.99,15927.36,41057.9,3624.65,Low,8,6,12,3045000
363,Project 363,Commercial,9853,Simple,09-03-11,06-22-12,45,12.21,58.94,0.72,16.57,0.02,4.55,High,15.89,4271.14,8202.67,30234.11,4362.81,Low,6,6,6,1665000
364,Project 364,Commercial,2724,Moderate,10-02-11,10-21-12,88,13.07,40.45,0.75,15.88,0.01,4.55,High,13.66,4508.55,11507.01,16433.93,3232.17,Low,9,5,8,2125000
365,Project 365,Residential,1514,Simple,11-01-11,08-26-12,44,12.26,21.48,0.8,53.75,0.04,4.55,High,9.66,3969.39,17226.78,34599.13,3751.54,Low,9,5,7,1695000
366,Project 366,Industrial,3547,Complex,11-04-11,04-01-13,103,14.27,5.99,1.08,9.84,0.04,4.85,High,8.04,4832.29,10519.11,23077.26,1595.55,Low,8,6,11,2770000
367,Project 367,Residential,8378,Complex,11-07-11,10-13-13,123,16.07,26.61,0.92,45.55,0.05,4.55,High,13.9,2566.1,11189.33,37824.73,1012.87,Low,7,6,15,3730000
368,Project 368,Industrial,2080,Complex,11-12-11,07-26-13,114,15.28,10.97,0.99,33.01,0.04,4.55,High,5.97,3319.94,13422.27,32426.4,3413.95,Low,7,6,14,3310000
369,Project 369,Residential,4390,Complex,12-01-11,12-29-13,123,16.56,9.01,0.87,48.81,0.04,4.55,High,16.83,3069.08,11602.98,15898.1,2312.77,Low,8,5,17,3995000
370,Project 370,Commercial,1830,Moderate,12-19-11,11-29-12,97,12.7,62.4,1.17,41.41,0.03,4.55,High,14.54,4142.61,6775.04,26396.2,4359.21,Low,8,5,8,1930000
371,Project 371,Commercial,4471,Moderate,01-04-12,02-19-13,85,13.32,16.16,0.88,25.39,0.01,4.55,High,5.36,4326.79,9096.06,30723.15,2194.9,Low,6,5,9,2260000
372,Project 372,Residential,9738,Complex,01-18-12,01-07-14,111,16.2,18.5,0.89,32.01,0.03,4.55,High,11.53,4749.41,15590.29,35246.83,1199.37,Low,8,6,16,3800000
373,Project 373,Commercial,3839,Moderate,03-16-12,05-13-13,76,13.42,6.09,0.73,19.71,0.02,4.55,High,10.98,4690.49,12080.91,10536.11,2130.98,Low,7,6,9,2315000
374,Project 374,Industrial,5998,Complex,04-07-12,09-27-13,123,14.5,21.35,1.09,58.69,0.02,4.55,High,11.43,4379.16,9022.09,16255.27,4412.36,Low,8,6,12,2890000
375,Project 375,Residential,3297,Complex,04-11-12,08-28-14,104,17.59,25.34,0.86,48.14,0.01,4.55,High,8.55,3929.79,13224.81,15119.53,4528.54,Low,6,6,19,4545000
376,Project 376,Residential,3539,Complex,04-15-12,11-14-13,128,14.87,47.21,1.19,21.34,0.04,4.55,High,7.97,3261.32,11958.99,48880.21,3434.11,Low,6,5,13,3090000
377,Project 377,Residential,7304,Complex,04-16-12,07-03-14,106,17.02,46.59,0.91,12.62,0.04,4.55,High,13.18,4922.07,8411.14,26159.12,3170.18,Low,8,6,18,4240000
378,Project 378,Commercial,5624,Complex,04-18-12,10-26-13,114,14.66,18.54,1.12,30.29,0.02,4.55,High,14.96,1864.36,6463.44,44479.48,2840.65,Low,8,6,12,2980000
379,Project 379,Commercial,9535,Simple,04-18-12,03-11-13,59,12.52,12.05,0.88,58.86,0.04,4.55,High,12.46,2359.11,18082.04,31793.91,4033.7,Low,9,6,7,1835000
380,Project 380,Industrial,7519,Complex,05-11-12,05-31-14,107,16.48,43.16,0.78,21.29,0.05,4.55,High,13.4,4002.92,13369.71,32100.54,1376.61,Low,8,6,16,3950000
381,Project 381,Residential,8264,Simple,06-01-12,03-13-13,55,12.13,33.98,0.75,42.15,0.04,4.55,High,10.71,4102.45,19467.15,18150.66,3093.32,Low,9,6,6,1625000
382,Project 382,Residential,6416,Complex,06-04-12,11-11-13,109,14.37,21.39,0.86,41.42,0.02,4.55,High,18.45,3080.76,11714.04,32312.81,1664.14,Low,9,5,12,2825000
383,Project 383,Commercial,1258,Simple,06-06-12,03-14-13,51,12.09,21.43,1.19,15.32,0.02,4.55,High,7.76,4575.96,14814.39,16084.17,2761.29,Low,7,6,6,1605000
384,Project 384,Residential,6906,Complex,07-24-12,03-18-14,126,15.09,12.38,1.07,24.62,0.05,4.55,High,12.28,1489.74,15877.78,22920.45,4988.31,Low,7,5,13,3210000
385,Project 385,Commercial,9438,Complex,09-07-12,04-23-14,116,15.01,44.71,0.75,9.53,0.04,4.55,High,8.15,2516.11,19601.86,23473.62,2185.96,Low,7,6,13,3165000
386,Project 386,Residential,8544,Simple,09-11-12,06-27-13,48,12.17,56.89,1.03,24.33,0.02,4.55,High,17.29,4519.29,12881.52,19773.6,1451.77,Low,7,6,6,1645000
387,Project 387,Industrial,2715,Complex,09-17-12,05-12-14,121,15.09,25.45,0.93,46.94,0.04,4.55,High,14.31,2409.5,17621.71,28851.49,4916.42,Low,8,5,13,3210000
388,Project 388,Industrial,7049,Complex,09-29-12,02-03-15,103,17.48,23.57,0.7,43.45,0.02,4.55,High,14.83,4966.97,6090.06,13083.12,2361.52,Low,7,5,19,4485000
389,Project 389,Residential,6925,Simple,09-29-12,07-07-13,43,12.09,17.76,0.72,23.81,0.04,4.55,High,19.07,4484.82,16490.97,41537.89,3659.94,Low,7,5,6,1605000
390,Project 390,Commercial,5741,Complex,10-17-12,04-11-15,108,17.93,15.29,0.89,27.73,0.02,4.55,High,10.72,1515.39,11191.42,42094.17,2916.28,Low,6,5,20,4730000
391,Project 391,Commercial,7999,Complex,10-30-12,03-05-15,119,17.47,57.85,0.84,52.63,0.02,4.55,High,18.66,4015.85,17073.6,10720.26,4851.24,Low,8,5,19,4480000
392,Project 392,Industrial,2531,Complex,12-08-12,09-27-14,121,15.62,55.27,0.76,44.59,0.03,4.55,High,6.45,1967.58,5186.06,28750.72,2205.06,Low,8,5,14,3490000
393,Project 393,Industrial,1040,Complex,12-23-12,10-16-14,105,15.65,9.35,1.14,53.62,0.02,4.55,High,10.11,4956.11,14392.64,31252.66,4352.61,Low,9,6,15,3510000
394,Project 394,Industrial,6154,Moderate,12-27-12,02-05-14,84,13.25,62.24,1.13,35.12,0.01,4.55,High,17.47,3395.91,6723.99,13754.29,4638.51,Low,9,5,9,2225000
395,Project 395,Commercial,5577,Complex,12-31-12,02-20-15,112,16.77,59.99,0.71,44.11,0.01,4.55,High,18.66,2857.73,7062.86,23632.63,1659.3,Low,7,6,17,4105000
396,Project 396,Commercial,8986,Complex,01-18-13,06-04-14,103,14.16,39.3,1.05,20.35,0.03,4.55,High,6.56,2538.05,12315.01,36088.97,4802.12,Low,7,5,11,2710000
397,Project 397,Commercial,5005,Moderate,01-19-13,03-12-14,97,13.36,56.34,0.7,10.07,0.03,4.55,High,18.61,1955.43,12044.63,28018.61,2891.89,Low,8,6,9,2285000
398,Project 398,Industrial,6410,Simple,02-06-13,12-12-13,57,12.36,21.64,0.8,34.86,0.01,4.55,High,5.11,1876.28,5550.82,14321.03,2355.44,Low,6,5,7,1745000
399,Project 399,Residential,1703,Moderate,02-14-13,03-15-14,98,13.15,28.22,0.72,22.45,0.04,4.55,High,9.27,4272.83,12973.99,45194.51,3299.12,Low,8,5,9,2170000
400,Project 400,Residential,2517,Complex,03-02-13,12-21-14,113,15.63,31.29,1.16,16.59,0.03,4.55,High,15.95,4529.03,15064.15,20326.93,3698.43,Low,6,5,14,3495000
401,Project 401,Industrial,7246,Complex,03-09-13,02-20-15,120,16.13,5.78,1.02,10.66,0.02,4.55,High,5.89,3415.18,15298.85,14579.51,2535.36,Low,8,6,16,3765000
402,Project 402,Residential,2774,Complex,03-16-13,08-07-15,119,17.64,36.91,1.15,29.02,0.02,4.55,High,16.25,2650.7,14691.44,35858,4552.16,Low,6,6,19,4570000
403,Project 403,Industrial,5658,Complex,04-08-13,11-21-14,108,15,40.49,1.14,45.65,0.01,4.55,High,18.54,1265.78,13009.51,15685.48,1046.83,Low,7,6,13,3160000
404,Project 404,Commercial,3282,Complex,04-12-13,02-23-15,123,15.84,10.49,0.9,55.33,0.04,4.55,High,8.24,2866.43,17250.85,12695.38,2549.57,Low,8,6,15,3610000
405,Project 405,Industrial,3658,Complex,04-13-13,07-30-14,127,13.89,21.34,0.85,49.03,0.03,4.55,High,16.98,4289.69,17863.44,46665.41,2723.94,Low,9,5,10,2565000
406,Project 406,Residential,2141,Complex,04-18-13,07-04-15,115,17.01,35.56,0.96,16.61,0.04,4.55,High,5.67,4047.63,19199.67,23590.75,3068.96,Low,7,6,18,4235000
407,Project 407,Industrial,6546,Simple,04-23-13,03-08-14,51,12.45,23.36,1.04,39.5,0.02,4.55,High,8.27,4952.14,11810.02,37530.97,1562.21,Low,6,6,7,1795000
408,Project 408,Industrial,4415,Complex,04-29-13,10-13-15,115,17.85,35.91,0.77,13.16,0.02,4.55,High,18.88,2656.6,10931.51,22528.25,1588.25,Low,6,6,20,4685000
409,Project 409,Industrial,7628,Complex,05-12-13,02-12-15,106,15.46,60,0.86,54.2,0.03,4.55,High,17.4,4936.05,9326.08,48445.42,2557.93,Low,6,6,14,3405000
410,Project 410,Industrial,4236,Complex,05-16-13,01-06-15,116,15.07,35.92,0.78,20.84,0.04,4.55,High,10.34,4307.26,15635.21,17086.84,3029.79,Low,8,6,13,3200000
411,Project 411,Commercial,9491,Complex,05-21-13,02-25-15,105,15.5,37.38,0.87,38.18,0.02,4.55,High,11.66,3504.94,12333.47,26071.15,4975.39,Low,9,6,14,3425000
412,Project 412,Industrial,7905,Complex,05-27-13,11-24-15,129,17.98,17.12,0.9,10.05,0.03,4.55,High,13.15,1911,19460.43,46378.18,3888.57,Low,6,5,20,4755000
413,Project 413,Commercial,7538,Complex,05-28-13,08-05-15,120,16.93,50.81,0.84,53.61,0.05,4.55,High,7.23,2850.7,19714.81,29336.3,4454.19,Low,8,5,18,4195000
414,Project 414,Commercial,6347,Moderate,06-04-13,06-29-14,73,13.11,17.24,1.08,28.1,0.03,4.55,High,12.38,3309.12,17983.66,49229.57,2630.34,Low,8,5,9,2150000
415,Project 415,Industrial,3819,Complex,07-05-13,05-09-15,120,15.76,60,,13.68,0.04,4.55,High,11.59,4387.88,18396.35,12498.3,4533.86,Low,8,5,15,3565000
416,Project 416,Industrial,8661,Complex,07-10-13,01-09-16,101,18,58.31,0.71,,0.04,4.55,High,15.84,3770.13,7016.53,21975.82,2434.86,Low,7,5,20,4765000
417,Project 417,Industrial,1695,Complex,07-23-13,06-30-15,106,16.07,60.09,0.7,59.89,0.04,4.55,High,17.43,2178.48,5214.73,39514.78,4336.58,Low,6,5,15,3735000
418,Project 418,Industrial,5236,Complex,08-01-13,02-06-15,116,14.64,49.38,1.03,47.84,0.04,4.55,High,14.2,1354.42,12314.42,13105.97,2630.17,Low,7,5,12,2970000
419,Project 419,Residential,2098,Complex,08-07-13,02-15-15,115,14.67,11.99,1.1,57.28,0.01,4.55,High,19.33,3090.31,9493.49,13074.48,3002.5,Low,7,6,12,2985000
420,Project 420,Residential,8355,Moderate,08-13-13,11-20-14,84,13.8,9.83,0.9,23.36,0.02,4.55,High,9.22,4213.93,18938.42,26204.11,4624.44,Low,6,5,10,2520000
421,Project 421,Residential,3368,Moderate,08-17-13,09-30-14,73,13.29,42.07,1.19,39.38,0.02,4.55,High,14.72,1491.68,18329.89,30123.36,2797.4,Low,7,6,9,2245000
422,Project 422,Commercial,2589,Complex,08-20-13,12-07-14,115,14.9,41.89,0.96,32.08,0.02,4.55,High,9.55,2159.88,13449.33,14798.15,4667.17,Low,9,6,10,2570000
423,Project 423,Commercial,7046,Simple,08-27-13,07-01-14,51,12.35,55.8,1.11,45.53,0.02,4.55,High,11.04,1410.99,7835.59,41320.67,3860.15,Low,7,6,7,1740000
424,Project 424,Industrial,7056,Simple,08-29-13,06-11-14,48,12.14,19.71,1.07,24.45,0.01,4.55,High,10.4,2081.57,17640.68,22533.92,4155.73,Low,8,5,6,1630000
425,Project 425,Industrial,3224,Complex,09-04-13,07-10-15,114,15.77,27.12,1.18,12.64,0.04,4.55,High,12.41,2550.6,14490.68,38154.28,1017.45,Low,8,5,15,3570000
426,Project 426,Commercial,1234,Complex,09-05-13,10-01-15,116,16.53,16.07,0.84,14.74,0.04,4.55,High,19.16,2075.87,12131.1,35373.59,4997.86,Low,6,5,17,3980000
427,Project 427,Industrial,6423,Complex,09-05-13,07-08-15,124,15.74,54.88,0.94,13.77,0.04,4.55,High,16.56,1011.53,17884.35,17440.92,3208.28,Low,9,5,15,3555000
428,Project 428,Residential,5424,Complex,09-06-13,01-09-16,114,17.46,32.52,1.14,19.22,0.04,4.55,High,14.12,2181.21,7049.01,36065.59,3954.39,Low,9,6,19,4475000
429,Project 429,Residential,4220,Complex,09-29-13,06-04-15,105,15.2,46.21,0.8,54.29,0.02,4.55,High,10.52,1232.37,6672.68,30634.48,2070.37,Low,6,6,13,3265000
430,Project 430,Commercial,4748,Moderate,10-18-13,12-18-14,81,13.45,53.31,1.05,57.34,0.01,4.55,High,16.04,2320.97,18590.99,20667.01,3899.43,Low,6,6,9,2330000
431,Project 431,Residential,4259,Complex,11-11-13,04-20-16,114,17.79,44.18,0.86,48.25,0.04,4.55,High,12.82,4904.06,6883.25,10677.91,4080.63,Low,7,5,20,4655000
432,Project 432,Residential,5063,Complex,01-16-14,04-24-16,112,17.21,49.61,0.96,26.1,0.02,4.55,High,5.02,2199.2,14696.88,48967.78,4388.24,Low,6,6,18,4345000
433,Project 433,Industrial,7919,Complex,01-18-14,01-10-16,121,16.21,50.03,0.93,28.7,0.02,4.55,High,5.99,1912.94,8699.05,29363.08,3989.78,Low,8,6,16,3810000
434,Project 434,Commercial,9707,Simple,01-23-14,11-19-14,43,12.27,61.94,0.82,35.6,0.04,4.55,High,14.67,3245.17,16653.92,18199.25,3902.51,Low,8,6,7,1700000
435,Project 435,Industrial,1025,Simple,02-01-14,01-04-15,44,12.62,50.08,0.99,15.64,0.04,4.55,High,14.54,2552.66,15111.95,20396.2,2380.77,Low,9,6,7,1885000
436,Project 436,Industrial,8605,Complex,02-07-14,02-16-16,125,16.37,36.3,0.73,43.88,0.04,4.55,High,18.96,2989.25,8453.76,11782.55,2662.57,Low,7,5,16,3895000
437,Project 437,Industrial,3783,Complex,02-18-14,06-01-15,106,13.84,59.61,1.18,40.29,0.05,4.55,High,16.41,3187.44,7704.62,28343.92,3243.5,Low,7,5,10,2540000
438,Project 438,Commercial,1492,Simple,02-20-14,11-26-14,59,12.07,13.47,1.2,35.42,0.03,4.55,High,14.89,1435.57,14548.08,29929.44,2626.7,Low,8,6,6,1595000
439,Project 439,Industrial,8160,Complex,02-28-14,01-30-16,105,16.02,20.44,0.92,38.87,0.01,4.55,High,14.34,4924.71,7851.61,41703.8,4631.6,Low,7,5,15,3705000
440,Project 440,Commercial,9436,Simple,03-31-14,02-06-15,41,12.38,61.21,1.08,16.41,0.03,4.55,High,15.77,1989.36,14609.23,36664.02,1650.8,Low,9,6,7,1760000
441,Project 441,Commercial,7236,Complex,04-09-14,11-01-15,116,14.8,39.95,1.12,48.79,0.03,4.55,High,13.28,4219.01,5690.85,42323.17,1711.55,Low,8,6,13,3055000
442,Project 442,Industrial,5444,Moderate,04-11-14,06-11-15,75,13.45,56.51,0.7,54.87,0.02,4.55,High,19.85,4819.39,12420.13,30508.81,2926.2,Low,8,6,9,2330000
443,Project 443,Commercial,1628,Simple,04-18-14,02-27-15,48,12.41,8.96,0.92,22.33,0.03,4.55,High,19.89,2545.29,13607.62,26624.16,4389.09,Low,6,6,7,1775000
444,Project 444,Industrial,4699,Complex,05-03-14,05-05-16,101,16.32,34.44,0.81,10.02,0.01,4.55,High,7.63,4467.08,9237.18,48018.37,3326.49,Low,8,6,16,3865000
445,Project 445,Residential,1660,Complex,05-19-14,02-03-16,123,15.31,48.8,0.84,26.36,0.05,4.55,High,19.2,4570.23,11291.72,41214.62,2905.34,Low,8,6,14,3325000
446,Project 446,Industrial,4180,Complex,06-10-14,10-26-15,115,14.17,16.26,0.87,52.46,0.02,4.55,High,6.07,1276.03,19111.77,30276.82,2637.65,Low,9,5,11,2715000
447,Project 447,Residential,4607,Complex,06-23-14,06-23-16,115,16.3,42.88,0.78,53.55,0.03,4.55,High,9.24,2700.91,5563.57,15114.67,4062.19,Low,6,5,16,3855000
448,Project 448,Commercial,9891,Complex,06-25-14,04-22-16,102,15.7,26.26,1.06,18.43,0.02,4.55,High,5.15,2749.93,18241.02,12076.04,1764.47,Low,9,6,15,3535000
449,Project 449,Commercial,4240,Simple,07-02-14,06-04-15,48,12.62,48.81,1,54.59,0.04,4.55,High,8.79,2085.75,6880.35,23478.59,4998.18,Low,9,5,7,1885000
450,Project 450,Residential,6141,Complex,07-05-14,04-14-16,128,15.53,36.51,0.77,27.8,0.03,4.55,High,16.31,1082.69,9035.29,30703.85,2075.39,Low,9,6,14,3445000
451,Project 451,Industrial,3832,Complex,07-09-14,07-29-16,121,16.49,59.61,1.02,14.76,0.03,4.55,High,16.71,3833.96,7581.34,48896.8,2795.25,Low,7,6,16,3955000
452,Project 452,Industrial,8263,Simple,07-21-14,05-01-15,52,12.12,31.91,1.16,44.12,0.04,4.55,High,17.93,2096.29,17106.06,17809.62,2381.37,Low,7,6,6,1620000
453,Project 453,Residential,3292,Simple,07-23-14,06-24-15,56,12.61,12.44,1.08,42.89,0.03,4.55,High,13.24,2247.94,12237.51,30266.91,2548.95,Low,9,6,7,1880000
454,Project 454,Commercial,5946,Complex,07-26-14,01-29-16,125,14.63,53.35,0.71,44.59,0.05,4.55,High,11.56,1939.89,15573.07,42685.13,3185.72,Low,6,6,12,2960000
455,Project 455,Industrial,3240,Complex,08-08-14,08-14-16,124,16.36,46.5,1.13,17.32,0.04,4.55,High,13.29,2586.21,6975.73,44611.83,1629.09,Low,9,6,16,3885000
456,Project 456,Industrial,4093,Moderate,08-25-14,10-24-15,83,13.44,50.95,0.83,40.49,0.03,4.55,High,17.49,4624.35,5182.35,36960.8,1207.34,Low,6,6,9,2325000
457,Project 457,Residential,1139,Complex,09-19-14,02-23-16,103,14.35,58.81,0.92,53.66,0.03,4.55,High,8.71,2423.42,6258.79,23338.5,3710.16,Low,8,6,11,2810000
458,Project 458,Commercial,3606,Complex,10-13-14,02-15-17,109,17.47,59.35,1.02,42.92,0.04,4.55,High,7.98,2673.34,16264.1,14054.92,2111.41,Low,7,5,19,4480000
459,Project 459,Commercial,5456,Moderate,10-13-14,12-20-15,75,13.51,6.34,0.93,58.81,0.01,4.55,High,13.22,4915.83,13332.43,17592.61,3328.73,Low,6,5,9,2365000
460,Project 460,Commercial,8162,Complex,10-23-14,09-17-16,127,15.96,17.35,0.94,21.96,0.02,4.55,High,14.85,4874.15,14054.56,13079.18,1302.33,Low,7,6,15,3675000
461,Project 461,Commercial,3600,Moderate,10-24-14,12-23-15,76,13.44,45.21,0.93,12.79,0.03,4.55,High,14.62,3815.17,10598.9,32546.4,2802.75,Low,9,6,9,2325000
462,Project 462,Industrial,5195,Moderate,12-23-14,03-18-16,72,13.68,39.64,1.13,57.23,0.01,4.55,High,7.32,4778.95,16048.03,45319.75,1810.53,Low,7,6,10,2455000
463,Project 463,Commercial,3461,Complex,01-08-15,09-27-16,123,15.34,8.55,1.01,28.05,0.05,4.55,High,13.13,4758.61,8307.26,39029.04,3469,Low,9,6,14,3340000
464,Project 464,Industrial,9367,Moderate,01-12-15,03-02-16,71,13.35,11.47,0.7,30.55,0.01,4.55,High,16.23,4658.19,11510.31,20348.47,2737.61,Low,6,5,9,2275000
465,Project 465,Industrial,3962,Complex,01-31-15,03-13-17,103,16.68,36.76,1.04,44.45,0.02,4.55,High,14.81,4273.48,5750.28,46460.85,1118.02,Low,6,5,17,4060000
466,Project 466,Commercial,5164,Moderate,02-22-15,05-24-16,87,13.74,19.75,0.73,31.86,0.04,4.55,High,14.1,3691.49,6217.24,48059.63,4353.97,Low,7,5,10,2485000
467,Project 467,Commercial,6283,Complex,03-01-15,06-13-17,129,17.27,21.79,1.09,28.67,0.03,4.55,High,8.8,4950.64,9372.44,40829.7,2709.98,Low,6,6,18,4375000
468,Project 468,Residential,9024,Simple,03-06-15,01-28-16,43,12.53,20.96,0.88,54.56,0.04,4.55,High,16.81,2817.38,14453.71,19935.34,3821.84,Low,7,6,7,1840000
469,Project 469,Commercial,6738,Complex,03-19-15,09-06-16,128,14.49,50.23,0.91,34,0.04,4.55,High,13.98,1804.39,13853.49,26305.31,2878.1,Low,9,6,12,2885000
470,Project 470,Commercial,4278,Complex,03-27-15,07-06-16,126,13.83,49.11,0.9,42.07,0.02,4.55,High,7.39,1641.85,6057.38,17425.87,3656.88,Low,8,5,10,2535000
471,Project 471,Commercial,1802,Complex,04-22-15,01-28-17,107,15.51,22.11,0.85,21,0.03,4.55,High,13.03,2427.54,10306.84,43142.22,4157.17,Low,8,6,14,3435000
472,Project 472,Industrial,7121,Complex,05-06-15,06-28-17,128,16.79,34.41,1.17,53.57,0.01,4.55,High,10.89,3213.48,12546.99,17754.52,4435.27,Low,7,5,17,4120000
473,Project 473,Residential,7219,Complex,05-16-15,01-03-17,127,15.06,31.92,0.91,8.69,0.02,4.55,High,11.89,2644.37,15828.94,25392.14,2957.51,Low,6,5,13,3190000
474,Project 474,Industrial,4687,Simple,06-04-15,04-03-16,48,12.31,46.52,1.07,34.78,0.02,4.55,High,6.25,1076.52,7486.22,45634.22,1966.15,Low,7,5,7,1720000
475,Project 475,Residential,9306,Complex,06-16-15,11-26-17,121,17.82,12.41,0.81,24.17,0.02,4.55,High,8.66,2070.4,10035.11,39975.62,3287.65,Low,8,5,20,4670000
476,Project 476,Residential,4360,Complex,06-19-15,05-14-17,115,15.96,55.2,1.04,29.42,0.04,4.55,High,8.06,2310.21,13200.28,33016.38,1088.57,Low,8,5,15,3675000
477,Project 477,Residential,5927,Complex,07-05-15,12-29-17,109,17.95,24.85,0.77,43.99,0.02,4.55,High,10.88,4582.7,8064.75,30312.2,2677.09,Low,6,6,20,4740000
478,Project 478,Industrial,7314,Simple,07-06-15,05-14-16,42,12.39,43.94,0.9,54.05,0.02,4.55,High,15.72,4526.25,15969.75,37891.02,4010.55,Low,6,5,7,1765000
479,Project 479,Residential,7773,Complex,07-20-15,08-08-17,109,16.48,31.32,0.79,52.46,0.05,4.55,High,11.99,1302.8,10817.39,42141.51,4607.1,Low,9,6,16,3950000
480,Project 480,Commercial,3581,Complex,07-22-15,06-03-17,108,15.84,27.81,0.97,58.34,0.01,4.55,High,14.72,1296.42,10632.03,42152.58,2733.89,Low,9,5,15,3610000
481,Project 481,Industrial,1002,Simple,08-01-15,06-26-16,51,12.55,47.11,1,44.74,0.02,4.55,High,10.54,1181.28,10249.17,47171.54,2516.91,Low,7,6,7,1850000
482,Project 482,Residential,1670,Complex,08-15-15,11-16-17,101,17.17,11.57,0.72,38.21,0.03,4.55,High,13.22,3084.29,10253.04,37098.94,4034.01,Low,8,5,18,4320000
483,Project 483,Industrial,8871,Complex,09-21-15,11-12-17,125,16.79,47.86,0.78,18.14,0.05,4.55,High,16.25,4632.91,16380.73,33886.21,3616.53,Low,9,6,17,4115000
484,Project 484,Commercial,6876,Simple,10-04-15,07-23-16,50,12.21,48.76,0.85,29.58,0.04,4.55,High,10.79,3354.02,7780.59,33990.85,4446.05,Low,7,6,6,1665000
485,Project 485,Commercial,4278,Simple,10-09-15,07-27-16,59,12.2,10.06,1.05,27.91,0.04,4.55,High,14.89,4184.97,9079.19,37694.36,2056.25,Low,7,5,6,1660000
486,Project 486,Residential,7204,Moderate,12-07-15,12-03-16,98,12.85,35.72,1.11,32.08,0.02,4.55,High,14.82,4295.07,5947.1,41071.62,4286.59,Low,9,5,8,2010000
487,Project 487,Industrial,5933,Complex,12-11-15,09-03-17,101,15.37,10.71,1.05,27.15,0.03,4.55,High,5.47,2038.31,5505.15,45167.43,1973.59,Low,6,6,14,3360000
488,Project 488,Industrial,2837,Complex,12-19-15,07-22-17,102,14.9,50.21,0.91,18.46,0.03,4.55,High,16.04,2745.68,15001.58,13773.1,3992.02,Low,6,6,13,3105000
489,Project 489,Industrial,6669,Complex,02-20-16,10-24-17,101,15.19,52.65,1.15,56.55,0.04,4.55,High,15.11,1022.87,11987.39,32846.49,2216.12,Low,6,5,13,3260000
490,Project 490,Industrial,3964,Complex,03-03-16,08-05-18,126,17.74,37.85,0.86,42.03,0.02,4.55,High,5.22,4057.41,14356.15,40492.1,1155.75,Low,8,6,19,4625000
491,Project 491,Industrial,8609,Complex,03-03-16,08-11-17,126,14.38,41.17,1.13,38.52,0.03,4.55,High,19.86,4026.92,11634.41,38295.88,2556.92,Low,9,6,12,2830000
492,Project 492,Commercial,7039,Complex,03-10-16,12-20-17,101,15.54,58.48,0.87,35.44,0.02,4.55,High,19.93,4924.47,14742.63,42176.56,3860.4,Low,6,6,14,3450000
493,Project 493,Industrial,5383,Complex,03-10-16,10-31-17,124,15.07,53,0.88,52.91,0.01,4.55,High,18.88,3526.57,5815.86,35770.27,4896.99,Low,7,6,13,3200000
494,Project 494,Commercial,7982,Moderate,04-01-16,05-17-17,92,13.31,29.2,0.8,10.2,0.03,4.55,High,11.79,4794.98,5909.07,37415.81,1099.86,Low,8,5,9,2255000
495,Project 495,Commercial,5875,Complex,04-02-16,12-14-17,122,15.27,51.3,1.18,35.87,0.03,4.55,High,11.03,1614.76,13589.11,21080.5,,Low,7,5,14,3305000
496,Project 496,Commercial,7055,Complex,04-06-16,02-17-18,124,15.84,8.64,0.72,30.01,0.01,4.55,High,14.1,4523.89,18243.72,36361.82,1844.93,Low,6,5,15,3610000
497,Project 497,Commercial,6047,Complex,04-12-16,09-11-18,105,17.71,27.01,1.1,54,0.02,4.55,High,8.01,1864.91,15368.18,34121.58,3475.97,Low,8,5,19,4610000
498,Project 498,Industrial,4805,Moderate,04-16-16,05-16-17,84,13.16,25.43,0.92,28.59,0.04,4.55,High,,2224.21,13278.16,41576.38,2664.87,Low,7,6,9,2175000
499,Project 499,Industrial,5145,Moderate,05-03-16,06-25-17,91,13.37,11.43,0.78,15.66,0.05,4.55,High,16.39,4871.05,11596.11,21134.74,4193.17,Low,7,6,9,2290000
500,Project 500,Commercial,1861,Complex,05-06-16,01-17-18,117,15.27,13.05,0.83,26.48,0.04,4.55,High,5.94,1842.03,17135.35,15876.88,2370.58,Low,8,6,14,3305000
501,Project 501,Commercial,8542,Complex,05-09-16,07-19-18,126,16.95,37.7,1.1,15.13,0.03,4.55,High,12.58,1576.32,14359.98,20945.62,2951.34,Low,6,5,18,4205000
502,Project 502,Residential,3782,Complex,06-05-16,09-29-18,101,17.37,46.33,0.84,26.92,0.02,4.55,High,10.21,3188.95,19876.59,36568.07,1796.98,Low,8,5,19,4430000
503,Project 503,Residential,5774,Complex,06-17-16,08-16-18,116,16.85,61.9,1.14,27.32,0.02,4.55,High,12.34,3966.57,12388.54,29327.23,4352.92,Low,8,5,17,4150000
504,Project 504,Industrial,5143,Simple,06-21-16,05-19-17,51,12.57,12.69,1.05,29.64,0.03,4.55,High,18.55,4559.53,17267.84,30405.94,3944.96,Low,9,6,7,1860000
505,Project 505,Commercial,2630,Complex,07-10-16,11-25-18,105,17.58,18.75,0.98,27.35,0.04,4.55,High,7.12,3283.51,7779.06,21145.72,1874.84,Low,6,6,19,4540000
506,Project 506,Commercial,1719,Complex,07-14-16,09-11-18,105,16.84,40,0.99,37.06,0.02,4.55,High,16.78,2011.19,19083.42,45759.41,2349.92,Low,8,5,17,4145000
507,Project 507,Residential,6374,Complex,07-17-16,02-10-18,113,14.82,15.64,1.04,19.47,0.02,4.55,High,18.11,1998.68,8948.71,10026.14,4482.68,Low,7,5,13,3065000
508,Project 508,Commercial,3547,Complex,07-21-16,11-06-17,126,13.89,18.88,0.83,36.83,0.02,4.55,High,9.41,1948.34,19227.54,47786.63,3439.77,Low,8,6,10,2565000
509,Project 509,Industrial,5876,Complex,08-09-16,06-24-18,121,15.86,6.05,1.09,44.53,0.03,4.55,High,16.41,3051.69,15561.25,47406.88,2503.22,Low,7,6,15,3620000
510,Project 510,Residential,3828,Complex,08-14-16,12-20-18,104,17.49,7.41,0.8,25.7,0.03,4.55,High,14.23,4642.42,12647.81,30051.03,1200.97,Low,9,6,19,4490000
511,Project 511,Residential,2848,Complex,08-31-16,05-22-18,124,15.35,58.44,1.2,49.39,0.04,4.55,High,8.23,2344.03,11985.24,40935.24,4659.86,Low,9,6,14,3345000
512,Project 512,Commercial,4303,Moderate,09-11-16,12-06-17,89,13.68,27.96,1.08,14.53,0.04,4.55,High,8.55,3709.57,13486.72,47165.79,2549.29,Low,7,6,10,2455000
513,Project 513,Residential,9684,Complex,09-12-16,09-03-18,113,16.21,30.18,0.74,22.71,0.03,4.55,High,9.39,2328.82,9406.64,11659.97,3548.38,Low,8,5,16,3805000
514,Project 514,Industrial,2051,Complex,10-20-16,09-25-18,121,16.06,40.89,1,34.33,0.02,4.55,High,18.69,2359.08,11834.29,37124.55,3172.09,Low,9,5,15,3725000
515,Project 515,Commercial,2517,Moderate,11-04-16,01-20-18,88,13.6,23.4,0.87,12.1,0.03,4.55,High,8.92,2373.55,17518.58,47419.38,1742.93,Low,9,6,10,2410000
516,Project 516,Commercial,5005,Complex,11-28-16,03-30-18,108,14.02,10.94,0.78,38.95,0.02,4.55,High,19.52,2786.86,12522.77,19866.34,2883.84,Low,7,5,11,2635000
517,Project 517,Industrial,9002,Complex,12-15-16,07-19-18,117,14.9,52.12,1.08,10.89,0.01,4.55,High,8.19,3654.09,11167.96,26096.25,4538.35,Low,9,6,13,3105000
518,Project 518,Industrial,8299,Moderate,12-23-16,03-01-18,99,13.51,22.66,0.75,30.88,0.04,4.55,High,19.1,3415.19,17947.03,42899.79,1693.37,Low,6,5,9,2365000
519,Project 519,Commercial,3341,Complex,12-29-16,07-21-18,103,14.79,59.65,0.77,46.16,0.04,4.55,High,13.75,2560.48,10326.97,11809.97,1871.63,Low,8,6,12,3045000
520,Project 520,Commercial,9721,Moderate,01-20-17,01-30-18,99,12.97,52.33,0.98,42.17,0.05,4.55,High,10.99,2307.18,5162.17,43062.04,4203.92,Low,6,6,8,2075000
521,Project 521,Commercial,2716,Complex,02-05-17,07-11-18,117,14.34,26.23,0.75,38.42,0.02,4.55,High,18.44,4134,15495.58,34677.76,4453.86,Low,9,6,11,2805000
522,Project 522,Commercial,2625,Moderate,02-14-17,02-28-18,85,13.01,37.95,0.85,56.79,0.04,4.55,High,19.75,2038.68,19545.85,27249.35,2390.08,Low,8,5,8,2095000
523,Project 523,Commercial,8000,Simple,03-01-17,02-01-18,50,12.62,35.44,0.81,59.45,0.03,4.55,High,7.07,3755.05,18466.15,39807.18,1305.76,Low,8,5,7,1885000
524,Project 524,Industrial,7845,Complex,03-04-17,12-10-18,116,15.5,8.62,0.98,16.11,0.04,4.55,High,10.38,4651.57,13485.32,17306.9,1558.4,Low,8,6,14,3430000
525,Project 525,Residential,8962,Complex,03-06-17,01-15-19,108,15.82,31.78,0.85,56.49,0.01,4.55,High,19.01,3735.47,12973.58,11306.36,2902.38,Low,9,6,15,3600000
526,Project 526,Industrial,3618,Complex,03-20-17,05-11-19,103,16.78,40.86,0.87,56.26,0.04,4.55,High,8.36,1956.57,12684.51,40942.88,1176.16,Low,8,5,17,4110000
527,Project 527,Residential,2939,Simple,04-13-17,02-02-18,50,12.22,28.6,1.12,50.36,0.03,4.55,High,10.6,2021.35,6588.11,24195.91,2652.69,Low,7,6,6,1675000
528,Project 528,Commercial,2956,Complex,04-17-17,09-06-19,116,17.62,28.14,0.79,16.15,0.04,4.55,High,5.63,2676.73,7523.05,45173.21,3228.16,Low,7,6,19,4560000
529,Project 529,Industrial,4854,Complex,04-17-17,10-05-18,129,14.48,20.59,0.86,51.5,0.01,4.55,High,11.97,2518.47,9748.8,21427.98,1365.5,Low,7,6,12,2880000
530,Project 530,Residential,6316,Complex,04-25-17,08-06-19,110,17.25,47.25,1.11,15.61,0.04,4.55,High,13.1,4378.66,11469.53,25161.62,4660.24,Low,9,6,18,4365000
531,Project 531,Residential,2447,Complex,05-02-17,11-03-18,106,14.61,23.21,0.99,24.91,0.01,4.55,High,9.08,1025.52,19675.32,48629.89,2580.62,Low,6,5,12,2950000
532,Project 532,Commercial,1725,Moderate,05-19-17,06-21-18,72,13.19,30.71,0.77,27.88,0.03,4.55,High,11.82,4120.76,19964.34,17645.28,2838.6,Low,7,5,9,2190000
533,Project 533,Industrial,2814,Moderate,05-20-17,07-11-18,81,14.36,41.06,0.81,23.98,0.03,4.55,High,11.26,1640.9,7564.05,26725.79,4029.13,Low,7,6,9,2285000
534,Project 534,Residential,7782,Complex,06-11-17,07-14-19,123,16.6,8.66,0.78,25.45,0.01,4.55,High,8.52,4320.6,19223.77,22184.09,2058.06,Low,7,6,17,4015000
535,Project 535,Commercial,7197,Complex,07-31-17,01-03-19,108,14.34,29.55,0.7,52.61,0.04,4.55,High,19.2,4126.46,9705.6,19914.93,3790.87,Low,9,5,11,2805000
536,Project 536,Industrial,6877,Complex,08-16-17,11-13-19,110,17.12,9.2,0.97,37.44,0.04,4.55,High,6.98,3052.73,7916.71,13727.84,2641.98,Low,8,5,18,4295000
537,Project 537,Residential,1464,Complex,08-18-17,11-29-19,119,17.25,52.12,1.17,12.96,0.03,4.55,High,10.06,4482.75,6252.87,18445.04,4009.87,Low,6,6,18,4365000
538,Project 538,Commercial,2404,Complex,08-24-17,10-19-19,115,16.81,47.02,0.94,44.08,0.03,4.55,High,8.24,1834.35,9445.88,46432.11,3189.66,Low,6,6,17,4130000
539,Project 539,Commercial,4969,Complex,09-02-17,06-01-19,102,15.42,12.82,0.79,51.02,0.03,4.55,High,10.06,4211.4,8697.8,49041.31,2379.27,Low,9,6,14,3385000
540,Project 540,Commercial,1931,Moderate,09-20-17,12-23-18,90,13.76,18.75,0.91,20.51,0.04,4.55,High,17.39,3692.37,17365.26,25879.69,1625.27,Low,7,5,10,2495000
541,Project 541,Residential,1277,Moderate,10-02-17,11-04-18,78,13.19,7.67,1.19,9.56,0.03,4.55,High,12.57,1469.12,7535.93,24072.2,4046.7,Low,6,5,9,2190000
542,Project 542,Residential,1287,Complex,10-11-17,09-25-19,110,16.14,30.36,0.92,40.18,0.04,4.55,High,12.51,3579.44,5352.99,27184.91,2115.75,Low,8,5,16,3770000
543,Project 543,Industrial,4398,Simple,10-14-17,08-14-18,44,12.31,35.44,0.83,32.49,0.03,4.55,High,7.93,3608.37,16713.79,41658.54,3409.88,Low,9,6,7,1720000
544,Project 544,Residential,7553,Complex,10-23-17,01-06-20,128,16.99,61.31,1.04,52.04,0.02,4.55,High,15.15,3376.97,14047.25,37301.3,3301.44,Low,7,6,18,4225000
545,Project 545,Residential,4867,Simple,11-03-17,09-13-18,57,12.4,6.74,0.93,57.04,0.02,4.55,High,14.92,3608.94,8766.2,36017.01,1849.34,Low,6,6,7,1770000
546,Project 546,Industrial,6672,Moderate,11-06-17,12-04-18,99,13.14,25.07,0.94,56.3,0.02,4.55,High,11.98,1054.73,6223.98,20343.66,1111.41,Low,9,6,9,2165000
547,Project 547,Industrial,2409,Complex,12-11-17,05-06-20,120,17.66,51.45,0.9,49.91,0.03,4.55,High,7.49,1098.74,10441.3,31867.85,4359.28,Low,9,6,19,4585000
548,Project 548,Industrial,6247,Complex,01-02-18,10-31-19,111,15.7,28.79,0.77,45.17,0.02,4.55,High,12.88,3791.33,18503.96,41687.65,3705.44,Low,9,6,15,3535000
549,Project 549,Commercial,9386,Complex,01-09-18,07-10-19,121,14.58,5.75,0.84,19.33,0.04,4.55,High,14.51,3373.85,5243.65,39151.12,2294.12,Low,6,5,12,2935000
550,Project 550,Commercial,3364,Complex,01-22-18,11-17-19,123,15.67,12.86,1.11,56.06,0.03,4.55,High,12.48,2273.05,18413.98,35796.12,2153.01,Low,7,5,15,3520000
551,Project 551,Industrial,1864,Simple,01-24-18,12-11-18,48,13.47,24.02,0.98,15.71,0.01,4.55,High,17.23,4577.62,17354.1,45951.52,3212.45,Low,8,5,7,1805000
552,Project 552,Industrial,4861,Complex,01-28-18,05-29-20,119,17.43,40.17,0.89,20.5,0.01,4.55,High,9.72,1386.58,7653.45,49493.45,2776.41,Low,6,6,19,4460000
553,Project 553,Residential,3575,Complex,02-02-18,11-11-19,106,15.51,38.79,1.11,25,0.02,4.55,High,11.04,3690.03,15232.88,22609.58,1532.84,Low,8,6,14,3435000
554,Project 554,Commercial,6594,Complex,02-02-18,08-26-19,105,14.79,38.22,0.83,49.81,0.03,4.55,High,19.92,1370,16705.22,36948.07,4070,Low,9,6,12,3050000
555,Project 555,Residential,6162,Complex,02-15-18,12-30-19,124,15.85,18.52,0.98,35.23,0.02,4.55,High,9.47,2111.38,16572.68,36076.03,4329.67,Low,8,6,15,3615000
556,Project 556,Industrial,7582,Complex,02-22-18,10-28-19,113,15.2,8.43,0.85,56.49,0.03,4.55,High,9.08,2596.67,13978.93,36117.99,1615.68,Low,8,6,13,3265000
557,Project 557,Residential,2466,Simple,03-17-18,01-05-19,44,12.21,47.18,0.88,41.33,0.03,4.55,High,7.85,3806.95,13346.97,24344.86,4645.36,Low,7,5,6,1670000
558,Project 558,Industrial,5815,Complex,04-21-18,09-11-20,115,17.64,49.24,1.05,25.23,0.04,4.55,High,10.94,4025.02,11812.75,26491.19,4738.92,Low,8,5,19,4570000
559,Project 559,Commercial,4569,Complex,05-03-18,06-04-20,129,16.6,38.62,0.87,50.42,0.03,4.55,High,6.15,1664.21,5916.57,29972.12,1425.35,Low,7,6,17,4015000
560,Project 560,Commercial,4164,Complex,05-03-18,12-29-19,128,15.12,12.22,1.14,29.57,0.03,4.55,High,14.9,2768.13,14723.5,12457.85,4254.89,Low,7,5,13,3225000
561,Project 561,Industrial,2192,Simple,05-08-18,02-20-19,49,12.16,32.81,1,38.25,0.03,4.55,High,10.07,1507.3,10876.14,16506.43,3937.46,Low,8,6,6,1640000
562,Project 562,Industrial,2283,Complex,05-09-18,12-02-19,127,14.81,8.07,0.88,13.13,0.01,4.55,High,8.81,2181.87,12949.56,37135.68,3371.08,Low,6,6,13,3060000
563,Project 563,Commercial,1507,Moderate,05-27-18,06-16-19,82,13.07,13.84,0.78,30.5,0.03,4.55,High,6.21,4758.27,16327,33464.96,4313.75,Low,7,6,8,2125000
564,Project 564,Industrial,6185,Complex,05-31-18,09-03-20,103,17.19,52.76,1.09,22.41,0.05,4.55,High,6.87,4500.53,19564.1,17086.14,3888.26,Low,9,6,18,4330000
565,Project 565,Residential,9210,Moderate,06-27-18,07-27-19,90,13.16,38.68,1.17,42.96,0.03,4.55,High,17.15,4802.13,5330.99,49300.85,1344.53,Low,8,5,9,2175000
566,Project 566,Industrial,9938,Complex,07-14-18,05-06-20,124,15.65,25.66,1.01,9.25,0.01,4.55,High,6.91,1757.13,11889.97,40085.15,4622.16,Low,9,5,15,3510000
567,Project 567,Commercial,5675,Complex,07-20-18,01-05-21,126,17.88,20.71,0.95,11.54,0.02,4.55,High,19.03,2864.47,11680.8,10582.69,1989.6,Low,8,6,20,4700000
568,Project 568,Residential,9415,Simple,07-20-18,06-08-19,45,12.49,41.24,,17.61,0.01,4.55,High,14.07,4054.77,12851.02,19070.91,3666.09,Low,8,5,7,1815000
569,Project 569,Commercial,3170,Complex,07-22-18,11-12-19,107,13.93,16.16,0.8,28.11,0.01,4.55,High,10.97,3046.83,12249.41,25311.36,4356.59,Low,9,5,10,2590000
570,Project 570,Commercial,1556,Moderate,07-23-18,07-27-19,83,12.92,38.29,0.98,53.66,0.03,4.55,High,19.4,1194.78,6470.12,11762.63,1741.11,Low,9,5,8,2045000
571,Project 571,Commercial,3313,Complex,08-02-18,06-01-20,111,15.72,53.54,0.85,12.01,0.02,4.55,High,6.9,1493.14,12778.43,19833.9,2432.56,Low,8,6,15,3545000
572,Project 572,Industrial,6649,Moderate,08-02-18,09-16-19,75,13.3,27.4,0.98,11.99,0.01,4.55,High,15.06,3567.28,11161.83,29585.76,2661.77,Low,9,6,9,2250000
573,Project 573,Industrial,8235,Complex,08-03-18,06-18-20,122,15.87,61.85,0.72,58.33,0.03,4.55,High,19.45,1459.01,12356.13,16780.16,1203.9,Low,7,5,15,3625000
574,Project 574,Commercial,5041,Complex,08-04-18,01-05-20,111,14.32,32.67,1.16,11.78,0.02,4.55,High,10.25,4129.7,19887.72,19626.82,4497.23,Low,7,5,11,2795000
575,Project 575,Residential,5658,Moderate,08-06-18,09-10-19,71,13.21,61.26,0.79,49.56,0.02,4.55,High,15.96,2680.04,13675.4,43304.47,4216.66,Low,6,6,9,2200000
576,Project 576,Industrial,8204,Complex,08-17-18,10-08-20,110,16.79,56.26,1.03,31.9,0.04,4.55,High,14.28,3274.21,5887.66,35312.1,4075.68,Low,6,6,17,4115000
577,Project 577,Residential,5086,Complex,08-19-18,01-13-21,109,17.67,55.66,1.15,59.56,0.02,4.55,High,10.33,3676.88,12257.04,26735.58,2431.24,Low,8,6,19,4590000
578,Project 578,Industrial,4534,Simple,08-30-18,05-30-19,54,12.02,32.49,0.98,37.65,0.02,4.55,High,16.13,1100.8,10322.48,41208.51,3255.57,Low,7,5,6,1565000
579,Project 579,Industrial,5340,Simple,09-12-18,06-28-19,45,12.17,50.93,1.07,39.73,0.03,4.55,High,7,2045.33,11286.49,33971.97,3054.83,Low,6,6,6,1645000
580,Project 580,Residential,9488,Complex,09-17-18,01-27-20,119,14.11,57.27,0.82,12.75,0.02,4.55,High,6.57,1514.39,13607.76,12436.08,1123.72,Low,9,5,11,2685000
581,Project 581,Industrial,8036,Complex,09-19-18,06-29-20,122,15.53,35.31,1.15,18.21,0.01,4.55,High,17.92,3308.47,18359.88,33877.81,4240.64,Low,8,5,14,3445000
582,Project 582,Commercial,6618,Complex,09-27-18,02-09-21,111,17.56,38.19,0.79,21.98,0.02,4.55,High,8.7,2225.66,13327.01,33519.67,2706,Low,9,5,19,4530000
583,Project 583,Commercial,3598,Complex,10-17-18,03-11-20,118,14.24,15.45,0.96,19.13,0.02,4.55,High,11,4247.46,5207.93,35975.15,3675.51,Low,6,6,11,2755000
584,Project 584,Residential,1271,Complex,10-19-18,12-25-20,110,16.93,14.42,1.14,31.84,0.03,4.55,High,14.95,3716.27,18976.11,49877.98,3880.63,Low,8,5,17,4190000
585,Project 585,Commercial,1066,Complex,10-24-18,02-25-21,112,17.46,18.81,1.15,21.32,0.02,4.55,High,7.07,4436.45,12500.87,36995.73,1956.27,Low,9,5,19,4475000
586,Project 586,Industrial,1198,Complex,10-31-18,01-10-21,121,16.96,44.35,1.17,40.26,0.04,4.55,High,6.26,2543.76,10609.21,45451.53,1605.48,Low,8,6,18,4210000
587,Project 587,Residential,3795,Complex,11-03-18,03-29-20,126,14.25,13.11,1.04,45.92,0.03,4.55,High,8.1,3017.82,9682.85,27098.66,3580.87,Low,9,5,11,2760000
588,Project 588,Industrial,8099,Complex,11-16-18,02-24-20,121,13.81,35.42,1.16,50.23,0.04,4.55,High,16.93,2294.92,16477.91,15726.45,3630.86,Low,9,5,10,2525000
589,Project 589,Industrial,2167,Moderate,12-15-18,02-19-20,73,13.5,19.81,0.86,50.06,0.05,4.55,High,9.54,4434.79,17858.46,40586.04,1586.78,Low,9,6,9,2355000
590,Project 590,Residential,3181,Moderate,12-21-18,02-21-20,99,13.46,24.33,0.73,42.81,0.02,4.55,High,8.65,2224.19,5955.27,17085.09,1020.56,Low,8,6,9,2335000
591,Project 591,Commercial,5661,Complex,12-23-18,10-01-20,107,15.52,19.07,1.17,53.31,0.02,4.55,High,16.75,4212.98,19798.45,33913.6,1327.86,Low,7,6,14,3440000
592,Project 592,Residential,1378,Complex,12-24-18,04-20-21,108,17.39,15.28,0.73,45.31,0.03,4.55,High,17.74,2533.59,7524.18,43457.69,3195.64,Low,7,5,19,4440000
593,Project 593,Residential,3212,Moderate,01-11-19,04-17-20,91,13.79,40.03,0.93,51.09,0.04,4.55,High,15.64,1421.61,17582.81,36840.52,3788.1,Low,8,5,10,2510000
594,Project 594,Commercial,3939,Complex,02-02-19,11-16-20,114,15.57,13.6,1.01,23.93,0.02,4.55,High,6.06,2399.18,17937.45,19322.91,3780.75,Low,7,5,14,3465000
595,Project 595,Residential,6480,Complex,02-04-19,01-18-21,129,16.14,61.22,0.99,59.76,0.05,4.55,High,8.32,1224.65,8834.59,31102.55,1686.39,Low,7,6,16,3770000
596,Project 596,Industrial,6596,Complex,02-06-19,09-13-20,126,14.93,12.61,0.91,11.28,0.03,4.55,High,12.11,2805.07,18037.62,31202.5,2871.92,Low,6,5,13,3125000
597,Project 597,Commercial,8951,Complex,02-10-19,07-14-21,111,17.74,42.55,0.91,31.82,0.02,4.55,High,16.28,3051.5,9812.82,33842,4982.94,Low,6,5,19,4625000
598,Project 598,Commercial,2551,Complex,02-14-19,12-31-20,101,15.88,8.8,0.8,29.77,0.02,4.55,High,5,4660.01,17658.19,39691.69,1671.26,Low,7,5,15,3630000
599,Project 599,Commercial,8104,Complex,02-22-19,11-13-20,128,15.36,12.45,0.96,26.14,0.02,4.55,High,14.32,3874.87,6659.05,11423.61,4977.32,Low,9,6,14,3350000
600,Project 600,Commercial,7001,Complex,03-05-19,08-21-21,114,17.88,7.9,0.9,49.72,0.02,4.55,High,11.66,3702.35,12633.41,44457.83,4464.14,Low,8,6,20,4700000
601,Project 601,Industrial,5961,Simple,03-12-19,01-25-20,45,12.45,7.82,1.1,24.68,0.03,4.55,High,9.19,4130,18297.54,25945.7,4451.69,Low,6,5,7,1795000
602,Project 602,Industrial,3568,Complex,03-23-19,10-15-20,104,14.81,28.61,0.82,50.58,0.02,4.55,High,17.41,1002.39,9617.29,19646.61,1934.27,Low,8,5,13,3060000
603,Project 603,Industrial,6077,Complex,03-31-19,05-17-21,113,16.74,9.18,0.81,26.89,0.03,4.55,High,19.66,4231.46,16061.15,31481.65,4359.99,Low,7,6,17,4090000
604,Project 604,Commercial,4830,Complex,04-08-19,03-22-21,106,16.14,23.56,1.04,51.9,0.05,4.55,High,15.77,2134.43,9894.23,10830.32,4043.54,Low,6,6,16,3770000
605,Project 605,Residential,3757,Moderate,04-12-19,04-18-20,84,13.94,15.45,0.94,46.37,0.02,4.55,High,11.6,2931.41,8184.28,14622.34,4345.68,Low,9,5,8,2060000
606,Project 606,Industrial,1534,Complex,04-18-19,08-09-21,102,17.36,17,0.84,23.03,0.03,4.55,High,10.9,3178.22,7398.2,37649.87,1670.27,Low,6,5,18,4420000
607,Project 607,Industrial,2861,Complex,05-05-19,09-18-21,106,17.57,47.7,1.02,16.1,0.03,4.55,High,6.31,2509.45,11202.75,11592.46,2095.95,Low,8,5,19,4535000
608,Project 608,Industrial,1026,Simple,05-06-19,04-07-20,51,12.62,47.42,1.05,52.35,0.01,4.55,High,15.59,3014.75,17437.26,30325.67,3480.97,Low,9,6,7,1885000
609,Project 609,Commercial,4225,Complex,05-11-19,04-19-21,113,16.09,41.35,0.8,15.59,0.05,4.55,High,18.76,4549.88,14381.5,42330.73,1276.15,Low,6,5,16,3745000
610,Project 610,Commercial,2203,Complex,05-29-19,10-31-21,127,17.75,25.91,0.77,39.02,0.04,4.55,High,10.73,1529.07,7950.32,19499.33,2199.59,Low,9,6,19,4630000
611,Project 611,Commercial,9911,Moderate,06-15-19,06-25-20,90,12.98,35.58,1.08,45.06,0.02,4.55,High,12.07,2890.06,10673.37,30691.74,2652.43,Low,6,5,8,2080000
612,Project 612,Industrial,1992,Moderate,07-26-19,07-16-20,86,12.79,8.85,1,20.52,0.03,4.55,High,6.21,1588.65,9469.66,13590.38,4643.31,Low,7,6,8,1980000
613,Project 613,Residential,8127,Complex,07-26-19,07-27-21,115,16.31,25.16,0.76,37.66,0.03,4.55,High,15.72,1960.88,11656.57,21294.72,1323.81,Low,6,6,16,3860000
614,Project 614,Commercial,1495,Complex,08-07-19,12-06-21,127,17.43,57.75,0.86,27.35,0.04,4.55,High,10.08,4808.25,16068.92,33897.17,4523.58,Low,6,5,19,4460000
615,Project 615,Residential,1154,Complex,08-31-19,10-06-21,103,16.64,17.99,1.14,12.53,0.03,4.55,High,15.37,2047,14363.61,43175.41,1761.35,Low,6,6,17,4035000
616,Project 616,Industrial,5368,Moderate,09-30-19,10-25-20,90,14.12,30.16,0.86,45.71,0.04,4.55,High,17.49,4943.07,16869.26,34055.36,2356.88,Low,9,6,9,2155000
617,Project 617,Commercial,2212,Complex,09-30-19,01-29-22,103,17.43,28.14,0.73,28.9,0.04,4.55,High,11.76,3995.85,10354.74,35389.77,1745.68,Low,6,6,19,4460000
618,Project 618,Industrial,3713,Complex,10-04-19,10-31-21,103,16.55,39.58,0.94,9.4,0.03,4.55,High,6.59,3125.43,10936.67,34526.08,4222.41,Low,6,6,17,3990000
619,Project 619,Commercial,9747,Complex,12-11-19,05-05-21,108,14.24,,0.83,31.23,0.01,4.55,High,8.09,1003.77,5588.98,49091.35,1969.41,Low,8,5,11,2755000
620,Project 620,Commercial,7447,Moderate,12-19-19,12-17-20,77,12.87,14.39,1.06,39.21,0.04,4.55,High,16.55,4901.64,13603.45,23665.64,3593.86,Low,7,5,8,2020000
621,Project 621,Residential,1277,Complex,12-23-19,07-17-21,121,14.81,24.31,1.11,39.06,0.03,4.55,High,12.1,4418.19,10100.07,44785.99,1352.54,Low,9,5,13,3060000
622,Project 622,Industrial,7666,Complex,01-21-20,05-06-22,104,17.28,30.14,0.78,44.74,0.03,4.55,High,14.53,1785.95,8176.19,11659.89,2288.27,Low,8,6,18,4380000
623,Project 623,Commercial,2641,Moderate,02-23-20,03-16-21,90,13.08,47.66,0.85,21.78,0.04,4.55,High,7.89,1370.86,12983.34,42865.66,1405.52,Low,8,6,8,2135000
624,Project 624,Industrial,1882,Complex,02-26-20,11-05-21,112,15.24,37.75,1,16.65,0.03,4.55,High,14.26,4879.28,15914.47,46904.15,4048.85,Low,7,6,14,3290000
625,Project 625,Commercial,5732,Complex,03-01-20,08-09-21,116,14.38,33.36,0.71,20.94,0.03,4.55,High,9.19,1545.48,15920.18,42525.91,2029.92,Low,9,5,12,2830000
626,Project 626,Industrial,5555,Complex,03-15-20,06-25-22,123,17.24,54.33,1.07,49.87,0.02,4.55,High,6.05,4573.62,10817.51,21515.19,3898.79,Low,7,6,18,4360000
627,Project 627,Residential,3603,Complex,03-30-20,07-30-21,121,14.02,57.99,0.71,36.75,0.04,4.55,High,12.28,1341.61,19586.92,30720.42,,Low,7,5,11,2635000
628,Project 628,Industrial,9992,Simple,04-07-20,03-09-21,48,12.61,50.17,1.08,31.75,0.04,4.55,High,6.71,2021.41,17419.65,25119.76,4924.73,Low,6,5,7,1880000
629,Project 629,Commercial,1737,Simple,05-03-20,02-06-21,46,12.07,8.69,1.12,14.13,0.01,4.55,High,11.57,4375.97,8936.13,26868.5,1159.69,Low,8,5,6,1595000
630,Project 630,Commercial,8164,Complex,05-16-20,10-02-21,115,14.18,24.57,0.86,13.54,0.02,4.55,High,6.49,4066.38,19494.11,48802.98,4460.28,Low,8,5,11,2720000
631,Project 631,Residential,6720,Moderate,06-14-20,09-09-21,88,13.69,53.88,1.04,23.08,0.02,4.55,High,8.98,1679.04,6434.61,26765.45,1453.2,Low,7,5,10,2460000
632,Project 632,Residential,6533,Complex,06-22-20,09-11-22,116,17.05,19.88,0.87,52.31,0.03,4.55,High,12.72,1398.32,5240.42,48547.41,2507.94,Low,7,6,18,4255000
633,Project 633,Commercial,6092,Complex,08-24-20,03-19-22,110,14.81,58.67,0.99,,0.03,4.55,High,16.5,2625.67,18197.57,35947.32,4597,Low,6,5,13,3060000
634,Project 634,Industrial,1654,Simple,09-24-20,07-19-21,50,12.25,48.89,1.04,23.65,0.02,4.55,High,16.35,2896.63,8386.84,34664.88,1161.34,Low,6,5,7,1690000
635,Project 635,Residential,7380,Complex,09-27-20,10-02-22,112,16.34,17.39,1.18,25.78,0.05,4.55,High,17.58,4234.28,9768.57,10351.09,2528.53,Low,9,6,16,3875000
636,Project 636,Industrial,8688,Simple,10-05-20,09-09-21,47,12.64,28.59,1.02,40.3,0.01,4.55,High,19.65,1747.73,11679.11,29524.7,4252.25,Low,8,6,7,1895000
637,Project 637,Industrial,3883,Complex,10-21-20,02-12-22,118,13.94,24.56,1.05,47.8,0.05,4.55,High,8.07,4191.99,16078.19,12551.78,2548.89,Low,8,6,10,2595000
638,Project 638,Industrial,4985,Complex,11-02-20,08-21-22,120,15.61,46.46,1.19,27.61,0.04,4.55,High,11.52,4478.13,7709.86,47907.45,1875.09,Low,8,6,14,3485000
639,Project 639,Residential,2997,Complex,11-12-20,01-01-23,123,16.76,33.49,0.77,20.61,0.02,4.7,High,18.86,1921.55,9338.66,24774.17,3654.97,Low,6,6,17,4100000
640,Project 640,Industrial,5951,Moderate,11-14-20,01-16-22,95,15.47,38.48,1.04,8.87,0.02,4.55,High,16.93,1309.93,9234.71,33411.87,2025.65,Low,6,6,9,2340000
641,Project 641,Industrial,1246,Complex,11-15-20,07-29-22,102,15.27,48.31,0.86,34.75,0.04,4.55,High,12,2438.88,13042.33,38694.51,2774.25,Low,9,6,14,3305000
642,Project 642,Residential,4491,Complex,11-23-20,01-15-23,115,16.79,45.3,0.74,52.87,0.03,4.55,High,,3198.87,11257.46,45109.98,1815.98,Low,8,6,17,4115000
643,Project 643,Residential,7811,Complex,12-07-20,07-21-22,102,14.99,34.81,0.85,32.41,0.04,4.55,High,9.57,1770.71,6936.07,21914.38,4120.19,Low,6,6,13,3155000
644,Project 644,Industrial,7571,Moderate,12-13-20,03-22-22,71,13.8,27.04,1.11,8.37,0.03,4.55,High,9.94,1209.93,11753.54,20189.95,2407.54,Low,9,5,10,2520000
645,Project 645,Residential,7747,Complex,12-16-20,07-25-22,119,14.94,16.16,0.72,9.14,0.04,4.55,High,7.02,2870.88,14088.45,27134.07,1108.43,Low,9,6,13,3130000
646,Project 646,Commercial,6111,Complex,12-26-20,06-06-22,111,14.39,30.27,0.97,32.8,0.03,4.55,High,18.31,4575.73,10037.25,34602.79,4707.63,Low,9,6,12,2835000
647,Project 647,Commercial,4443,Complex,12-31-20,05-17-22,119,14.16,36.79,1.15,21.66,0.03,4.55,High,9.86,4808.58,17354.68,38360.06,3350.51,Low,7,5,11,2710000
648,Project 648,Industrial,1551,Complex,01-16-21,06-06-22,121,14.2,47.16,0.88,11.32,0.01,4.55,High,6.73,4478.73,12083.4,38515.29,2571.64,Low,6,5,11,2730000
649,Project 649,Industrial,3248,Complex,01-27-21,12-28-22,111,16.01,41.21,1.17,43.34,0.03,4.55,High,14.15,4769.49,16823.01,10961.65,3136.56,Low,7,6,15,3700000
650,Project 650,Residential,6585,Complex,01-30-21,02-07-23,126,16.36,35.99,0.9,16.8,0.05,4.55,High,17.8,2993.33,14048.68,19090.44,3175.15,Low,7,5,16,3890000
651,Project 651,Commercial,6176,Moderate,01-30-21,04-26-22,89,13.68,40.43,0.89,48.15,0.02,4.55,High,10.77,2387.84,11477.11,41271.19,2936.69,Low,6,5,10,2455000
652,Project 652,Residential,8378,Moderate,02-11-21,02-17-22,74,12.93,45.76,0.79,47.03,0.02,4.55,High,7.15,1741.64,7730.95,30514.52,4379.19,Low,9,5,8,2055000
653,Project 653,Residential,7673,Moderate,02-15-21,05-01-22,88,13.58,55.26,0.82,31.41,0.05,4.55,High,14.9,2555.07,6971.19,20499.4,3324.86,Low,6,6,10,2400000
654,Project 654,Industrial,3594,Complex,02-20-21,07-02-22,114,14.11,19.75,0.87,54.57,0.05,4.55,High,11.65,2283.99,12891.41,37510.77,2093.9,Low,9,5,11,2685000
655,Project 655,Commercial,4382,Moderate,03-29-21,07-02-22,99,13.77,52.38,0.77,46.86,0.01,4.55,High,19.23,3844.64,5101.95,40554.26,3056.33,Low,7,6,10,2500000
656,Project 656,Commercial,3064,Complex,04-03-21,10-23-22,114,14.78,28.7,0.7,52.2,0.03,4.55,High,12.44,1031.07,12381.38,49459.5,2113.07,Low,7,6,12,3040000
657,Project 657,Industrial,2101,Complex,04-11-21,12-02-22,110,15.07,53.62,0.93,19.31,0.02,4.55,High,19.3,1290.66,7986.4,23912.89,3480.94,Low,9,6,13,3200000
658,Project 658,Commercial,4209,Complex,04-14-21,08-19-23,121,17.48,19.25,0.81,29.38,0.04,4.55,High,8.26,2466.72,10863.76,49058.26,4818.67,Low,8,6,19,4485000
659,Project 659,Commercial,1687,Moderate,06-07-21,09-04-22,74,13.71,26.06,0.83,30.48,0.01,4.55,High,16.2,1050.39,14667.28,17314.58,1929.62,Low,6,5,10,2470000
660,Project 660,Industrial,4832,Complex,07-20-21,02-22-23,110,15.91,28.94,0.86,44.06,0.04,4.55,High,9.56,4246.51,9408.75,27853.05,3908.07,Low,9,5,13,3110000
661,Project 661,Commercial,2036,Complex,08-08-21,08-02-23,104,16.23,11.62,0.98,35.64,0.03,4.55,High,10.95,2724.84,13539.47,10083.06,2042.84,Low,7,5,16,3820000
662,Project 662,Commercial,3886,Simple,08-10-21,07-19-22,42,12.67,36.76,1.06,31.12,0.01,4.55,High,11.74,2185.78,18944.74,14984.54,3609.9,Low,7,6,8,1915000
663,Project 663,Commercial,7539,Moderate,08-11-21,10-09-22,77,13.43,22.61,0.93,16.5,0.02,4.55,High,14.32,2207.2,18496.15,35136.28,2754.6,Low,6,5,9,2320000
664,Project 664,Industrial,9240,Complex,09-26-21,03-16-23,113,14.48,20.78,1.1,21.09,0.04,4.55,High,6.28,4464.73,12487.8,21861.5,2060.45,Low,8,6,12,2880000
665,Project 665,Commercial,9273,Simple,10-07-21,08-06-22,58,12.3,14.96,0.75,15.57,0.05,4.55,High,12.92,2869.04,6600.68,35982.24,4472,Low,6,6,7,1715000
666,Project 666,Industrial,4933,Complex,10-08-21,07-02-23,120,15.37,41,0.81,31.13,0.05,4.55,High,7,2546.79,17317.14,48779.64,2815.7,Low,9,5,14,3360000
667,Project 667,Residential,2928,Moderate,10-27-21,12-06-22,72,13.25,21.31,1.02,25.73,0.05,4.57,High,8.95,2116.52,18960.08,10985.78,3786.76,Low,8,5,9,2225000
668,Project 668,Industrial,8718,Moderate,11-01-21,10-23-22,92,12.79,6.91,0.75,43.41,0.05,4.55,High,12.71,3156.76,8826.4,40715.05,4007.18,Low,9,5,8,1980000
669,Project 669,Industrial,2074,Complex,11-11-21,11-03-23,128,16.21,52.64,1.05,31.89,0.01,4.55,High,11.4,2876.1,18928.33,35643.44,2246.61,Low,7,5,16,3810000
670,Project 670,Commercial,4566,Complex,11-18-21,08-17-23,121,15.42,57.61,1.19,42.41,0.04,4.55,High,16.24,3798.14,9603.97,12283.77,2372.21,Low,8,5,14,3385000
671,Project 671,Commercial,4727,Complex,01-16-22,08-07-23,123,14.49,13.62,,58.59,0.05,4.55,High,12.41,4477.41,16052.4,30041.61,3291.04,Low,7,6,12,2885000
672,Project 672,Residential,5551,Moderate,01-21-22,02-23-23,95,13.19,31.04,1.04,25.36,0.02,4.55,High,14.47,1099.94,15810.88,30560.93,3423.01,Low,7,5,9,2190000
673,Project 673,Industrial,9175,Moderate,02-04-22,04-21-23,77,13.59,10.88,1.08,38.29,0.02,4.55,High,7.82,1736.99,5855.04,33511.94,4361.39,Low,9,6,10,2405000
674,Project 674,Industrial,7575,Simple,02-13-22,11-21-22,53,12.09,17.21,1.2,36.15,0.02,4.55,High,19.92,4866.24,11611.09,20416.12,4353.6,Low,9,5,6,1605000
675,Project 675,Residential,7697,Moderate,02-26-22,06-01-23,89,13.77,44.85,0.84,44.08,0.02,4.55,High,16.39,3478.99,6161.17,30513.41,2373.2,Low,6,5,10,2500000
676,Project 676,Residential,9828,Complex,03-07-22,04-23-24,105,16.74,40.81,1.09,44.57,0.04,4.55,High,5.84,3990.08,17762.79,21445.4,3561.79,Low,6,5,17,4090000
677,Project 677,Residential,4549,Complex,03-15-22,12-15-23,111,15.45,46.15,0.79,20.24,0.03,4.55,High,18.72,1846.86,7163.6,40359.07,3002.48,Low,9,6,14,3400000
678,Project 678,Industrial,3000,Complex,03-22-22,12-04-23,104,15.28,56.54,0.99,26.24,0.04,4.55,High,12.4,4646.53,18920.21,16616.81,1009.29,Low,7,5,14,3310000
679,Project 679,Commercial,4787,Complex,03-27-22,07-20-23,111,13.95,55.61,0.8,57.26,0.02,4.55,High,14.21,1892.35,13185.03,37359.01,1760.91,Low,6,5,11,2600000
680,Project 680,Residential,7199,Moderate,03-29-22,04-15-23,88,15.04,22.94,0.75,15.48,0.01,4.55,High,11.34,4182.31,7120.75,15212.82,3573.72,Low,9,5,8,2110000
681,Project 681,Industrial,6795,Complex,03-29-22,09-11-23,105,14.43,58.16,1.11,26.41,0.04,4.55,High,13.06,3708.5,15240.07,35149.36,2064.41,Low,7,6,12,2855000
682,Project 682,Industrial,8503,Complex,05-16-22,05-18-24,111,16.32,38.04,1.12,59.56,0.02,4.55,High,,3697.17,19699.33,49424.03,3746.71,Low,8,5,16,3865000
683,Project 683,Commercial,2537,Complex,05-19-22,09-29-23,118,14.12,50.04,1.16,27.91,0.04,4.55,High,11.45,2751.06,9655.56,40485.18,4744.71,Low,7,5,11,2690000
684,Project 684,Industrial,9553,Moderate,05-30-22,08-16-23,99,13.61,41.15,0.94,53.54,0.02,4.55,High,5.06,1650.24,10242.84,22628.85,4165.45,Low,8,5,10,2415000
685,Project 685,Commercial,6560,Complex,06-01-22,05-19-24,112,16.18,52.45,0.82,41.92,0.03,4.65,High,13.94,1429.8,5253.69,46382.58,2078.52,Low,7,6,16,3790000
686,Project 686,Residential,8141,Simple,06-11-22,05-13-23,54,13.61,20.75,1.03,58.2,0.05,4.55,Low,12.54,4180.44,7036.19,49097.53,4857.41,Low,9,5,7,1880000
687,Project 687,Commercial,5674,Simple,10-03-22,07-17-23,45,12.15,17.8,1.09,18.6,0.02,4.55,High,6.39,2597.73,11283.94,30582.47,3835.86,Low,8,6,6,1635000
688,Project 688,Residential,1470,Moderate,10-07-22,10-26-23,75,13.06,6.74,0.77,42.21,0.04,4.56,High,16.8,1974.83,9588.42,29325.39,1252.73,Low,7,6,8,2120000
689,Project 689,Commercial,9874,Moderate,10-22-22,11-21-23,92,15.16,48.46,0.95,14.65,0.03,4.55,High,9.5,1137.61,14523.95,44357.29,2379.08,Low,9,6,9,2175000
690,Project 690,Commercial,3032,Moderate,12-10-22,03-03-24,74,14.66,19.82,1.16,16.03,0.04,4.55,High,5.43,3574.88,9157.17,27987.08,2381.06,Low,6,6,10,2445000
691,Project 691,Industrial,5920,Complex,12-15-22,06-24-24,107,15.67,16.61,1.06,42.55,0.02,4.55,High,5.29,3759.16,19182.42,35284.8,2741.17,Low,8,6,12,2985000
